PGM Ligand Pair,Parameter,Value,Standard Error,Margin of Error 95.0% Confidence,Random Sample 1,Random Sample 2,Random Sample 3,Random Sample 4,Random Sample 5,Random Sample 6,Random Sample 7,Random Sample 8,Random Sample 9,Random Sample 10,Random Sample 11,Random Sample 12,Random Sample 13,Random Sample 14,Random Sample 15,Random Sample 16,Random Sample 17,Random Sample 18,Random Sample 19,Random Sample 20,Random Sample 21,Random Sample 22,Random Sample 23,Random Sample 24,Random Sample 25,Random Sample 26,Random Sample 27,Random Sample 28,Random Sample 29,Random Sample 30,Random Sample 31,Random Sample 32,Random Sample 33,Random Sample 34,Random Sample 35,Random Sample 36,Random Sample 37,Random Sample 38,Random Sample 39,Random Sample 40,Random Sample 41,Random Sample 42,Random Sample 43,Random Sample 44,Random Sample 45,Random Sample 46,Random Sample 47,Random Sample 48,Random Sample 49,Random Sample 50,Random Sample 51,Random Sample 52,Random Sample 53,Random Sample 54,Random Sample 55,Random Sample 56,Random Sample 57,Random Sample 58,Random Sample 59,Random Sample 60,Random Sample 61,Random Sample 62,Random Sample 63,Random Sample 64,Random Sample 65,Random Sample 66,Random Sample 67,Random Sample 68,Random Sample 69,Random Sample 70,Random Sample 71,Random Sample 72,Random Sample 73,Random Sample 74,Random Sample 75,Random Sample 76,Random Sample 77,Random Sample 78,Random Sample 79,Random Sample 80,Random Sample 81,Random Sample 82,Random Sample 83,Random Sample 84,Random Sample 85,Random Sample 86,Random Sample 87,Random Sample 88,Random Sample 89,Random Sample 90,Random Sample 91,Random Sample 92,Random Sample 93,Random Sample 94,Random Sample 95,Random Sample 96,Random Sample 97,Random Sample 98,Random Sample 99,Random Sample 100
Pt_ddFc,q_max [mol PGM/mol Ligand],0.2831842938252226,0.0110815027863734,0.0239401312861863,0.2752791483039698,0.27397068365091254,0.2840303769687017,0.27490618363638863,0.27437810512429717,0.28276987230263023,0.28547666338789524,0.28704909254601635,0.2828252648697676,0.275706786965561,0.27308534941097234,0.2737591917748923,0.28064087291514883,0.27661981968215166,0.2733734446151708,0.27779176343500284,0.28001683508240677,0.28378182823323084,0.2745618250822891,0.28984567273899564,0.2816815432890438,0.284700441572581,0.2789750793586016,0.2924573485229359,0.2743773364795388,0.28782315680772264,0.2936644037898735,0.29105489875497453,0.29107027989934076,0.284917191815533,0.2913685174976797,0.2834309079067989,0.28721413303644966,0.29034965593431206,0.29000932714892386,0.28624951477580435,0.2865603957447173,0.27655260348554145,0.28284393441529004,0.2805193170853588,0.28653257255703923,0.2724233184538898,0.2885960153141005,0.27753982383729076,0.274447152950717,0.2871056032926846,0.282681903878667,0.2840328861992143,0.27934884446821273,0.27374912058454376,0.28596952845275114,0.27677051914071216,0.282565621491381,0.2938669379053284,0.27890175885595936,0.2751768584745249,0.2830004920915292,0.29126373388637294,0.2804914433701441,0.2854253035812507,0.28341680213634535,0.2800244203915891,0.2804286991807506,0.28187474853730743,0.2869277299869719,0.28251308964342947,0.27776247664015963,0.29283166190523424,0.2861359421930482,0.28398599052623075,0.28789557734107923,0.2942171923053748,0.2829545147131494,0.2859548359972266,0.285934248489668,0.28379969039406855,0.28789900704214455,0.2843785988366899,0.2772389866723903,0.2757036929013979,0.28904160207023183,0.2853517338533663,0.28136764536336806,0.27548262288433384,0.28067800887533056,0.2895536767351534,0.2922307979109666,0.27309717670176564,0.2747984689316975,0.2894939646811027,0.27366082293862254,0.281671508869921,0.28253282018512255,0.2906173241739999,0.27389931833948444,0.2813188447873656,0.27252737802916466,0.2912944425749079,0.2740214909181736,0.2752371343267208
Pt_ddFc,K_eq [~],1822.2107908876987,311.5347288176628,673.0298635373142,1669.4674799334512,1916.9412172565712,1986.042745280597,1691.3443430316447,1814.8883389155483,2041.9696886087406,1701.5166223714855,2129.04383167933,1802.1314945939685,1984.3465233802988,1902.6984374212734,1543.0445260506235,1893.9330501955376,1555.1446273785098,1912.544961449539,1580.0064729936128,1765.5699613238226,1794.7854227455073,1767.613791890441,1988.7591484201685,2062.1294113991376,2107.3684360491593,1557.2502898730427,1978.5184865695314,1862.7484991791498,1982.8409737889556,1772.961062661419,1767.5177030579425,1886.34137970171,1806.269327054285,1758.0583840135098,1802.5200448970231,2077.443752731466,1953.57493563738,1816.6878443419835,2001.2348666557098,1874.5566867454038,2075.733259498754,2026.34182050131,2050.359762755139,1933.53870530759,2122.2901022296633,2099.6477336450316,1802.9603410904435,1562.766799419485,1581.1320190012768,1954.1561865899967,1625.47032721725,1607.7183840900861,1980.0504206844485,1949.4531873751666,1566.47326039301,1849.7436369832621,1715.9124960044662,1576.7991701163448,1610.244670064709,1867.2210094095851,1752.9305486826142,1618.9516465449453,1727.8471837085392,1741.138027054712,2033.238169192537,1808.9207082101486,1727.6274209315832,2004.3382538957349,1819.021206781002,2105.107921361333,1961.8433975868911,1983.1349843303828,2106.646476344683,1758.0279347470375,1534.5212798786376,1847.5385897714827,1832.26006254897,1762.8835313478894,2012.1765354089048,1903.1960631666543,1675.875459201573,1816.1662508308557,1894.7499663495469,2086.796090032292,1848.8528862620406,1686.417658309087,1732.1436115084075,1619.5611105131886,1770.3717223020842,2130.625676203464,1891.547977512448,1545.590814212397,1874.3442059360343,1530.124437581939,2025.9208418010694,1644.469246600915,1584.0562332118259,1917.4938834851393,1707.137394915808,1582.3932248098586,2079.4833705043097,1795.8935681342869,1869.5894310052922
Pd_ddFc,q_max [mol PGM/mol Ligand],0.5694564291619704,0.0102680525020754,0.0221827787883981,0.5651202187011831,0.5613767854038411,0.5635361526468493,0.5642969749481385,0.5715431787554931,0.5620189458824137,0.5596717841022227,0.5793483852267112,0.5653707137849072,0.5742028330245782,0.5685873490932591,0.5629604614322017,0.5668636338068103,0.5596169491212545,0.5612944956038265,0.5734294973671795,0.5592478734976305,0.5615281771542794,0.5693948519492749,0.5735135348773724,0.5712988415608015,0.5733755434874431,0.5625178496108497,0.560843523717097,0.564740528664265,0.5744343027626402,0.5605580713364902,0.559867716857073,0.5603802633474712,0.564260926196769,0.5642005104157284,0.5762854802506584,0.5652047025952079,0.5627157119980991,0.5796650006013556,0.562492985997895,0.5785433941048341,0.5620189157734072,0.5712261562577235,0.5618991334139654,0.5766455759587902,0.5740820531424246,0.5790566932311172,0.579524603815293,0.5698272282479474,0.5611517395532944,0.5791618799995167,0.5649593103828838,0.5697535496564922,0.5672053565880459,0.5686488540266582,0.5770240691875304,0.5623232480814362,0.5698532692976489,0.5691437064513812,0.5675923991641676,0.5615606580800452,0.563945045120158,0.5778855858510751,0.5681288216144569,0.5603211570278792,0.5662589067232189,0.5732785930583485,0.5761335348986609,0.5666502872271748,0.562854717759329,0.5716496247619723,0.564013807265642,0.5743502186236273,0.5721694174993454,0.5670430852626411,0.5723877898503017,0.5787707886892026,0.5748134285088596,0.5686769434602699,0.5778546545871847,0.5694807634542202,0.5646372862272802,0.5641922736329368,0.5710833769919722,0.5766907221283154,0.5729721589521526,0.5735866857918013,0.5686205341559953,0.5639502991112789,0.567024872301962,0.5650193997022608,0.5768598256665255,0.5667202517504382,0.5649528778127397,0.5728105592796258,0.5642032941853223,0.5655179551744378,0.5714651526912544,0.5780914202346614,0.5649900717065982,0.5767025626612261,0.5674631982852534,0.5722718194828831,0.567052838512669
Pd_ddFc,K_eq [~],2662.6059073104934,183.08901127604832,395.5397613035374,2729.9933478464304,2615.20432747445,2646.278862940901,2766.814680735997,2784.8849207661615,2495.6265630676776,2834.743676925011,2776.095543607699,2600.069536647237,2697.5955628887327,2730.8059812695597,2656.875450341584,2481.564826480316,2791.829142048993,2816.186164540547,2558.868146285844,2713.014397805433,2760.7040124698397,2843.155632031103,2751.7120715635433,2529.0498600288583,2697.5918107453967,2820.0290842933855,2756.743887858245,2787.6553784892503,2822.512808787589,2782.4003326557377,2835.910110261336,2845.3392249080516,2624.589208338721,2487.6762753300404,2499.4361047445436,2801.1694859780655,2526.066264836724,2571.7986744084515,2731.4828064943595,2642.0070168359384,2827.3830966636224,2663.5792482833212,2800.560535368626,2638.4375758978063,2841.963116306537,2531.8261214627532,2582.1825467632266,2587.0059599681495,2611.1327602264787,2825.1388834106847,2574.6342110584383,2616.5661405002193,2597.9917144702986,2604.73141788018,2484.4457342274877,2588.4705428284624,2632.1991611957496,2527.3314741505965,2542.462544765412,2716.183149527015,2744.5034582881462,2598.5627040756926,2571.2455313242103,2637.1462458768106,2667.9279354384516,2745.390967396113,2575.6019479253932,2835.0026045891227,2672.8893094165023,2788.069952583821,2640.6766388770607,2668.7750152051995,2558.3120558090754,2537.7694758594453,2517.3841481197314,2806.5281355501324,2703.823705483883,2649.5167069290605,2828.1187304360406,2554.4774187708867,2765.5313332220394,2840.5961036761464,2644.8005366752677,2590.9743163574344,2524.9869634321217,2715.199776186759,2613.401085292735,2711.425035061701,2662.62449945108,2628.2580483559896,2607.170298279949,2826.1029209650856,2715.007144361114,2759.2288051963633,2480.6893374034757,2688.832780527179,2815.836963192445,2567.527781601589,2790.534065549522,2577.9147747500574,2833.40798274649,2495.922599931882,2739.201417659518
Ir_ddFc,q_max [mol PGM/mol Ligand],0.6116778353593803,0.0368761308041509,0.0850365101247018,0.5834272909280472,0.6154979256527228,0.5969810455057298,0.6446049046329017,0.6469735774057129,0.6069795593855999,0.6132541151116048,0.6050573253103619,0.5824390646543307,0.6376406951278253,0.6189752626871418,0.5873846753805817,0.6039863892353109,0.5792951112044649,0.6257601671264768,0.6332401421150521,0.6110476923202062,0.6072663462105623,0.6095654776910925,0.5868357521028895,0.6040817091945125,0.6315181787290868,0.6072367798474736,0.5999833661791478,0.6295686876079367,0.5902699940041722,0.6410048541365361,0.6185587875708829,0.5796781856736636,0.6116893213877295,0.6118747897756512,0.6363389706348787,0.6408587936189176,0.6191556649676538,0.5964707612177147,0.6001459607309425,0.5998761936549629,0.6060124916224914,0.6045566485173263,0.6298182855350639,0.6028121792054546,0.6327815005211108,0.6040302862837786,0.5927930676732186,0.6461272745595605,0.6395354681031378,0.5998727233180987,0.6245228609366779,0.6113338292647827,0.613985420424729,0.6196146013260743,0.580035568293627,0.5856827510491868,0.6134943632818419,0.6205815461981588,0.5865451511693023,0.5858292859036527,0.6109241489364949,0.6169213712868007,0.5932003925413095,0.6213840960537595,0.6447675764930528,0.5987870905762387,0.6087355466760729,0.6256050503479402,0.6042580370641595,0.5992819011134624,0.6134792268596448,0.6458992896613706,0.6322498157579469,0.6010021022403261,0.6290710417981439,0.6052024378598556,0.5954890397382241,0.6444826987756193,0.5973241593065973,0.6330681408883634,0.625792672114099,0.6450541773001592,0.606676519269887,0.6337749369161905,0.6090628479285932,0.6319086377592832,0.6220673891041508,0.6008267323437664,0.5996718863006616,0.6475894199159355,0.5952866325113377,0.626937703059752,0.5939081015758844,0.6180409731124328,0.6460208481906532,0.6196498542461909,0.6326385122290151,0.5928800217266051,0.6265800062042544,0.5915758856011331,0.6217593989678023,0.6376647926308069,0.6336871061240505
Ir_ddFc,K_eq [~],950.3486573141286,303.2978470444568,699.4060894830379,1049.1254755036007,720.1533592096158,1137.9497153691452,1119.6807101224213,1103.6888630987132,972.9998001566162,703.1638912163119,1213.6322420003594,822.3511344823601,755.4664721546048,843.8469133158904,925.820919724614,996.1651304556642,899.0931948021496,731.2595828948682,1162.5706443296358,652.8765684989213,980.1522001368153,869.1911273208997,878.0382037746332,1140.0848101343474,713.4153120189922,654.4099436735495,1211.7863594207436,1100.993514163128,651.8359909690561,1238.289869040767,800.9375166572725,1246.4148443159265,1154.4199153922887,832.5666480336096,675.4092232388753,796.3933529463031,1086.5383693669637,1081.0862251194621,1003.1017515581252,1117.111558655196,1202.3022010127704,981.1632894045151,963.3381926496802,977.8004180486612,1032.9409691340277,713.2317128759806,963.2754216872695,966.1252745004367,976.5100544257655,1025.2397435239277,970.4536983702105,1140.71889771225,1170.9935376684314,834.1767755191266,1048.8954372690828,1048.5691621054043,675.3606182672487,913.3035315086622,1225.6707364912309,1248.7586940878687,953.9242488662534,850.1063020702151,1212.0485617620707,922.9795413550985,866.3805621008945,1089.1350242843846,691.07438418548,997.4572036123391,737.7100602097665,1142.4588789124361,946.4295349334071,1054.353582470387,1008.072752481725,1034.0143063657506,855.9762587927579,656.1903843547334,1076.8534189384852,1137.7844017961706,1182.317376434859,661.750516874072,1135.2024449006603,715.4673642294471,772.3739424604225,1198.6877609106027,674.0897987472337,1114.7417126453358,870.3404824502092,792.9718042040673,1107.858707168044,690.4427779651705,1064.3247739621975,1217.9554705330047,1023.4078461123938,1051.7606339710144,938.0768277623677,1091.6152390239706,939.8245199186995,1217.7733372639366,699.252120839244,849.7901000954156,1080.6227883302772,1246.0408349461395,1225.8317057574905
Rh_ddFc,q_max [mol PGM/mol Ligand],0.0037698628972227,0.0005943225167249,0.0014053494363154,0.0036730607089861863,0.00395717489880654,0.003785720767270362,0.0038152865194133966,0.0037270956798892995,0.003534249309243793,0.004153963350830756,0.0041407800608579326,0.004143888768520885,0.003371215845363967,0.0035229526909562542,0.0042018155544317004,0.0034962112205610234,0.004313970472168166,0.0034150915534301865,0.0035717394658439433,0.0036519118324730366,0.0041653771385264365,0.004193289046952621,0.00407534234245919,0.0033963253514917476,0.004297419656158725,0.004299906679718104,0.003358284075672815,0.004172926300904997,0.00422090825869947,0.004353333208725917,0.004190981135486327,0.004009043456368107,0.0035304695840372097,0.0033864509740063704,0.003571536255000188,0.004158079686789602,0.003427948826617171,0.003388549050635279,0.003987345994847716,0.004325679877562466,0.003278356203082667,0.004111165826816236,0.004158280584882384,0.0037056733287869174,0.003954600802661105,0.003447580235536047,0.003367247336098787,0.003439449455051149,0.003682290712649457,0.003432150633743311,0.0035944296917706205,0.0032643800566454777,0.003304906016784573,0.0033990933554227465,0.003972154418896283,0.0042266034974900325,0.003891024963813984,0.004303260777308916,0.0038701808759288346,0.003747204311285329,0.003986076138040353,0.004037736082380511,0.003213954358962639,0.0032712503497998994,0.0036023593682177587,0.0037834618461986265,0.0036156413904180683,0.004308522930410272,0.004164902264298951,0.0032683560143687406,0.0039495566469091945,0.004055392917661384,0.003953848840929093,0.0039062189811046267,0.003566565806976753,0.0037238137826915967,0.003669491145372577,0.0041529183043285565,0.003425321248373534,0.004157749501440055,0.003729115101526885,0.003211254355226924,0.003970705923739982,0.0038588869370830368,0.003210371014769318,0.0037835865121455927,0.0035868658921334993,0.003611489222362302,0.0038674917901653167,0.003318945758126309,0.0034298862669504687,0.003829987365512151,0.0035031354076332146,0.004056006134756849,0.0034031956803626164,0.0036128240136412662,0.004311976443509383,0.003355380735296013,0.004003668874255054,0.004144201597279732,0.004252273862907929,0.004279791217579014,0.004117809072450207
Rh_ddFc,K_eq [~],2401.5030938442774,2366.5254263792217,5595.9434152272615,1968.8704429711845,1813.2125230885317,1306.637733771332,889.4717365496847,57.4044974095332,1879.9610848708962,3778.1529544373325,2511.930053652582,1104.1557171789386,1106.8952578320054,2940.452404969066,1914.6592986729595,4383.063177414884,2383.523822012591,3076.3707597315133,3358.7291491439923,1803.9665136857373,3327.2531399385653,2377.9129133816987,2710.9163517361967,1794.6898308990944,2556.7462306318102,3584.069235869291,2711.4246600002093,2345.0190497664425,1909.3093163842054,213.91427013975718,4618.573460528692,2259.412387249093,2559.6806469650583,331.54176084270495,4213.787567205274,1338.1980438483752,388.42586496697294,2557.831711540081,4567.273606140381,702.3555967621527,4469.912884954633,4434.578626162789,2510.500158336254,1155.8908037857043,3812.148077081889,4328.595337951327,3882.9483219404606,3807.300786343374,903.1744444516205,4591.801513125873,1901.2657460332157,4463.8353798173475,4136.030711312162,2554.2249353191355,2489.7270219713164,4277.965118616259,3590.451430603841,2416.331195691438,1748.5787591668777,4753.198910607045,2471.142529228177,1735.5412609593723,1188.3198862885322,2544.4292189623884,2450.8724883031814,2170.902673657382,2142.2839578736925,3595.585106393232,785.6566258652331,2600.1387817957193,2324.5072152283688,2949.3883898928257,2408.814571243031,1237.5534174326888,4050.218992994092,3492.378673558679,4749.762311603576,3754.832357126918,1976.910834920537,2602.2473345208355,3857.3571883317854,371.9333601818563,69.74103855035544,4174.3208330682,2086.7883939836424,881.0829399256523,3805.3518826306495,4511.743857570228,2792.437439181329,4046.3287940145333,1041.7800821654755,3781.686348976518,1487.1625281872668,2510.7555925563915,288.77875347902705,1163.523155047826,2226.945991219207,1029.8178589482793,2988.520628896912,3261.1382889951497,4307.952870980796,3944.186117649362,2318.2840501267965
Pt_deFc,q_max [mol PGM/mol Ligand],0.2725713562257735,0.0154021953982015,0.0348421866428592,0.2599520477519965,0.28613124167777715,0.28442467410781863,0.26584680929246035,0.28796074181042935,0.27401459758655405,0.2731899755297229,0.2573058338195953,0.2813516050199021,0.2698794872882103,0.2821463914548704,0.2700422811258943,0.26774076170825556,0.27747566247357375,0.2796145124574722,0.28394691261927185,0.2712942915045788,0.2860439139837551,0.2675659130450199,0.2769657940950573,0.26192235730846125,0.2815645490126209,0.2843223905229396,0.27154068521152086,0.2621697243471673,0.2782105921361485,0.27935717757386225,0.2753616802235312,0.270700541279315,0.25735545556730677,0.28396653843536396,0.26603776280083863,0.27824947553246626,0.26452075414392007,0.28668396483830766,0.2775765934595775,0.26315339955547695,0.28787856018708957,0.28212216527611866,0.28152403960980316,0.28277333613316397,0.26285060927884873,0.27895365293045404,0.2772631737838262,0.2734817255343859,0.2633455273776141,0.25771355201879714,0.2648440035217206,0.28497172024694745,0.2668144782222762,0.25970487054502883,0.26914406464612983,0.2871916961083649,0.2642077681717983,0.27758867628615436,0.271598214457988,0.27483693830848627,0.28060720765846053,0.26604860301967287,0.27093765632415023,0.2694446150189821,0.2760199828451562,0.2608732647258695,0.26064380652985103,0.25894455909934905,0.25949224488730854,0.2849646835414153,0.2679166632314535,0.279073478350713,0.2670941363609436,0.265095270916036,0.26793380561431585,0.26726742559686956,0.27396228783271653,0.2734799580022699,0.2779119554469241,0.2763272813018268,0.2698237700501164,0.28561293124497267,0.2711972653771996,0.27015701973204087,0.26509151749214943,0.27916579990223206,0.2742488681257126,0.26273028731675957,0.2737905388500717,0.28710474395172764,0.2778223444218874,0.27332533466038084,0.27104428108502615,0.28612929128691145,0.2825275172709279,0.2819221487507352,0.2785159346257708,0.2765145148481351,0.2587636384038208,0.2608827202977335,0.2753316133912308,0.2867716640955109,0.285946429835615
Pt_deFc,K_eq [~],349.54054401957274,70.70543570402714,159.94680782663292,280.41256067483715,374.3287313321554,362.17876772217363,414.52197750307676,390.88562631477225,388.71376718200395,303.33833326965146,417.90293008817275,419.76722482566277,279.63839407650636,333.1280467385717,303.90463823278617,350.3853787059638,302.84610921555253,377.82458421570675,409.31032783650977,392.5415082061975,308.82732714843416,401.72712437776624,329.32477851549106,396.55647983067183,404.108900204724,393.42670618866157,364.38056161115423,334.520798879404,380.68794846043704,377.66133305926314,356.7809092052187,282.7354334944596,337.13804918536624,296.3697533508132,414.5101304664213,299.8968749865057,294.165910067666,310.3054103285934,385.4107273677108,306.54098042474385,341.702558103605,305.08434352643167,343.4034839534986,373.3746109493513,297.5193019857627,386.8937019056376,292.48235398681425,280.83536129631153,393.12789257200393,315.98030831104023,384.511082320641,295.73192220674355,373.3421796499145,385.6186710537911,319.58201479029987,358.3117151873744,296.0463324990403,398.34116849595114,381.05450308967374,384.8914925785416,310.57341526369805,374.7025799531958,399.64180188667734,399.50453259414724,382.58041212519214,391.88336983275735,279.4573886388103,357.5245487571342,345.3596856822915,312.7303963469194,327.7274043014802,348.02735483223654,329.6191970035165,384.6068416284224,391.877003104654,303.07060239797534,309.9253839391005,344.8186649181482,328.2256887240926,341.3019987506098,380.4386538901134,279.14716132563274,334.65368529480594,283.23772553311636,319.08819888934005,294.6717601348115,366.45937059654284,348.84281516315986,305.5380491942737,402.8241969126614,333.26817256014846,328.60969813996394,307.23958072519173,348.417833053717,344.95028397473567,389.2844540100605,369.138423953309,389.1054309337078,394.93341462076,386.1443748984851,336.63427491314263,382.86750285261553,333.2085749028015
Ir_deFc,q_max [mol PGM/mol Ligand],0.4094538411401549,0.0116459393290153,0.0268555842510461,0.40174713954602603,0.4069141967142361,0.4023008123372249,0.40996630303914466,0.40204441881254305,0.40546656754869437,0.41854382500055215,0.40184307332050845,0.4024535918936027,0.39878524211829924,0.41521094819256626,0.40199782386960137,0.411384889997496,0.4196907363548701,0.4207149523659151,0.40448862831828014,0.3993478114246483,0.41169652787406236,0.40697516723310406,0.4165433928986873,0.4163029665185445,0.4110961473163384,0.42043717131807673,0.41026943402994853,0.41486912265654485,0.41069489878706544,0.41572754771090503,0.4157422250925587,0.41312362229275645,0.412134191739895,0.39970696778479126,0.40846421120915055,0.39895386586029635,0.4021482643594808,0.400231515481103,0.3985851166568889,0.4093654169677239,0.40140114594618903,0.4041894722958807,0.40785714205044443,0.41273076435685746,0.41430176337008806,0.4104277524232246,0.41131889733025295,0.40656780499229117,0.4045530945307278,0.4039164324498345,0.3978761063856495,0.407591439367103,0.3999778947559387,0.4136605102036089,0.40069759020826495,0.40969329404273297,0.41270536440309247,0.4051770500028211,0.42053982693652625,0.40199891907483637,0.3980251310323711,0.4060498288009769,0.4091314002037798,0.4026397375746261,0.4027312505233312,0.4139649682887989,0.41975111113588776,0.4195968992281985,0.4115546353661957,0.40813760470084903,0.4173073846643056,0.4145741005433972,0.4200308294950133,0.4154256682159481,0.4086937004177608,0.4084589806638704,0.4119782868153411,0.39973822218317784,0.40277696877432956,0.3988376319934725,0.41759982033814425,0.40671185367671286,0.4059707546169586,0.41629092904202436,0.402392281706548,0.4157770538498986,0.4167704582813493,0.41291778165208637,0.4039368609783859,0.400061629379218,0.41755165368716685,0.4060628863774064,0.40962027489797775,0.42106896780560477,0.4114918446271948,0.40854936102270434,0.41772254214232263,0.4138405210850072,0.3990481752526403,0.4117904816560058,0.4173936301413493,0.416659436741134,0.4203050378273518
Ir_deFc,K_eq [~],950.3304003380522,97.4679168162941,224.76141922810987,938.2848395781921,1014.38767073202,950.7472573135105,938.1737869764941,971.8991059938254,883.7187204729021,882.600300379342,871.0988957842344,1006.3129268152474,1028.6201011237997,1032.2828597284606,1008.9098532175399,930.4051861878527,989.2316935307847,902.872039140748,1009.0124167475743,875.1230670900395,880.9132465383002,1024.0257816629974,886.6921782022051,1047.3291222180221,879.9333431580387,907.1711951154159,866.8154731852126,1040.620361602038,1046.9123985755016,1015.0382410860708,995.8625813742935,1012.41454300763,1040.783012194821,995.5651132124442,1018.5705708163173,869.9647625474156,926.0664512347155,1001.6549547030877,1017.5432567199672,895.0729643474542,1013.7103816680412,1025.5013079914977,864.0791060567005,1044.1496892992918,860.1205080577176,1039.9868439494135,990.9988332534339,1020.9391964285726,1043.191891764109,994.9374695832015,899.3884048165569,998.0914986969033,865.673664247762,1013.9544773255689,863.3573244603667,906.2145264110927,870.5753241959069,1027.7159897215047,856.3470313746167,968.5124172890476,980.7453084376845,1046.4948336357083,982.2969300741578,965.7780885818685,1025.181366463103,856.2994775614,974.7250146365457,902.3142896034757,961.4138321913207,978.9185385109573,1016.6489042470834,1013.3920968434235,969.5955532771613,882.7879699871934,975.4161483444788,998.9975283633114,1047.155805674556,909.7575664577088,1044.5855146546908,1015.7462872439237,906.6794875588412,998.6469880023483,977.0958697389348,989.0649473860884,1023.4667521257593,916.4454696328913,981.7563399267972,972.2057242950216,880.7842283073069,939.1254949072205,1004.6897567384775,992.1797340602275,954.3878345165597,988.4028922831956,894.3548591475287,990.1165452901139,999.5959471053177,876.6973702204622,963.9410407166558,950.1120515244589,1001.6752768619084,856.7063536217498,865.1710621980048
Rh_deFc,q_max [mol PGM/mol Ligand],0.0031092147446044,0.0005041442405829,0.0011404535049181,0.0031943245777567913,0.0034419576799273864,0.003569647146811173,0.0034045048312279363,0.0033931900272387875,0.0026410758472131366,0.0029403871299685616,0.0033502241609995936,0.0032736390591478156,0.0027135441432295983,0.0026159168691819923,0.003560955818319855,0.0035465319883535044,0.0031662781712702335,0.0033266820479746673,0.003132265906238021,0.002996252376738218,0.0026213131772921693,0.002788382757196359,0.0031516004267530167,0.003372720946036133,0.0028004345751796032,0.0032940645766811627,0.00305443349748211,0.0033677571578446136,0.002806506172471317,0.0030694515783556723,0.0027409584775550918,0.0028341219084103155,0.002953552594679884,0.0030193762271780323,0.0035519591063389424,0.0026934549785976847,0.0031861818831856467,0.003535497052236986,0.0034004681534891765,0.0032161774064260453,0.0032223207152597202,0.0026930208030302052,0.0031186569337367524,0.0032169704264229317,0.0027516727401431314,0.0033943457361106577,0.0029323109556362004,0.0028572996258102957,0.0035723281831635564,0.00331257144536546,0.0031028508128376235,0.0029396734482570854,0.0026494551676912058,0.0033463211800274137,0.003368755140426569,0.002705125227334748,0.0034192895899534843,0.0028902772250651463,0.003239317633210371,0.0026331210341825795,0.003284240522566978,0.0036062956340347546,0.0030842945069944365,0.0026967020987871994,0.0033585610140018513,0.0032805703933142783,0.003370681573978605,0.0027331218318367148,0.0030071148394154165,0.002850870720558365,0.0035839620229784776,0.0034036301833143346,0.0026714368657062334,0.0032225415274738317,0.0026834547459846565,0.002742830080528415,0.0030198302953470023,0.0035726845443865866,0.0031886753767279997,0.003400335613286649,0.0035927522280119473,0.0029093366084681016,0.0034676452175228605,0.0030088337903973524,0.0030831056789977075,0.0027722850908144187,0.0035751798538992802,0.0031037305072278646,0.0031768476052714935,0.00292665303939476,0.002861620788411741,0.003264621525745584,0.00279267867532985,0.0032683915321567916,0.003168496174710828,0.00323162704099409,0.0029785394779173325,0.003512692209040667,0.003338136519550417,0.0032077916195900986,0.00353645910523753,0.0032072483381363755,0.002642493089412713
Rh_deFc,K_eq [~],369.0209985291953,218.4255007506725,494.11281106091855,372.8004276787584,176.06775756943372,400.010860019451,528.1003172314848,261.8516325596981,507.851056659464,317.19359770256585,368.5982622425385,499.7122594735047,459.02944625501743,500.055538229631,557.2541874679378,444.1239846488704,517.7428562560084,179.2631100846048,568.3049963496825,218.73283913549358,496.0745621694683,575.7613044165454,272.2418897085596,444.88904645561604,184.80605793109817,191.8416717324913,374.15619986986326,278.7968628692695,259.9070034552909,458.38573452890773,581.8408261067262,402.34870537185697,468.3990659986514,358.2894188950985,478.036809347951,361.3114895673906,426.49480037029286,327.4698494931747,189.92690808737527,354.9834473991654,266.31438446741583,203.90449552671512,355.8978829012085,515.0161923829629,340.9251180793034,294.16074128556585,451.4123866995251,514.0553165904939,252.59349286386595,369.98579513228253,562.7975881953095,405.851648979757,224.66168330777424,324.6568807299782,453.98792617123877,151.9489554827298,538.7377564683983,154.49400534410825,570.5974175676317,370.38929997837727,446.47411394199014,533.4185975388414,271.8392108626002,277.5723388679279,574.668266286341,360.7060957687187,386.9622663223514,505.20120390428735,303.4318201247944,565.3289634580804,379.7484118286776,255.89587985377293,577.5659408423211,367.2030697737439,405.4761473559721,333.3787141293649,315.7162792714565,510.4675547858891,167.47238427125248,369.7692634317965,433.47274921405335,290.0712494751884,334.6703264756702,429.6249744429887,585.9469783117692,431.31938151037673,407.9222119301468,476.7786939007233,153.5945388597042,363.93814516670216,227.7948727495384,551.0215422894337,458.88293568016365,337.0524727890952,487.59340762754323,441.40937911919445,194.07953744199725,158.1980898299552,491.69057723396816,324.9130857517769,578.8306712393367,396.7631565327507,500.0673460474819
Pt_coeFc,q_max [mol PGM/mol Ligand],0.0187750161021443,0.0007199394740729,0.0015553346743375,0.019201194796154127,0.018917720213509157,0.019112101123066473,0.018969261974503732,0.019024909327419577,0.01939242052976104,0.019163434903141343,0.019441041084480536,0.01917440014357017,0.01937183902918969,0.019482956409603597,0.01901024557329482,0.01893570615291798,0.018801809052060515,0.018107506983622994,0.01869860402169835,0.018794345420246945,0.01816366913825421,0.01946146692207579,0.01806033483734118,0.018928956207953714,0.019019892233992385,0.018784221377622614,0.01939697208526297,0.018566493537024886,0.019286279148391264,0.018903309328388556,0.01829945567796166,0.019238698447835243,0.019068271825691773,0.019371621465085503,0.01936325656161755,0.01863034900354943,0.019117408436205532,0.01848820548978163,0.018609371589488964,0.019032254154534117,0.01881437227251219,0.019465014264574056,0.018799024576816196,0.01876524832582429,0.019306125429362647,0.019204238196538624,0.018729609621899724,0.019064436159423215,0.01822567485510262,0.018222077662976194,0.018568319322863857,0.01943966718946658,0.01879480663109028,0.018899813204031817,0.01937841061913916,0.019213388327811807,0.018170621979729042,0.019085218302393923,0.018550556385921856,0.018525822219126107,0.01838085972893926,0.018458408561548657,0.019348236802723573,0.018637663929827755,0.019410602262763123,0.018858368357977575,0.019153830696499088,0.019068656868710933,0.018181686083944215,0.019354815080527634,0.01852494540896363,0.019301316528810047,0.018156270871764135,0.01921695390252883,0.01877247441844263,0.018931846202164045,0.018362491628631895,0.01879135654305299,0.019227159086697223,0.018629086007590518,0.01812544778269823,0.018798613825026803,0.018675474547167305,0.019307063946402737,0.018280279724499412,0.018574070646198985,0.018424978345803523,0.018448286732522707,0.019220746330407917,0.018214213621733606,0.018461229908080905,0.019280686139624314,0.019191165282133577,0.0185352839371288,0.019345714295753217,0.018221824145234194,0.01844141615476392,0.01818625372779835,0.018950123809941932,0.018225968889695902,0.01888960465093409,0.01872280462221371,0.01833258532670048
Pt_coeFc,K_eq [~],285.195061631053,35.73767689542394,77.20655701966835,295.8156798926556,301.18954396734944,255.51634035496014,320.7853902647906,265.14019608531817,249.54276298794997,288.9071930484179,314.6871315154883,305.2339361747519,314.37876786005165,264.2425641982421,286.28947734729627,314.69895903153247,296.6230353740413,316.8906140602734,305.72905656002075,272.19245483619846,272.92620182446126,255.66334562466855,272.04664256157156,288.2848267713442,301.03846165139333,256.3149542496956,264.63650012078926,255.10262130376566,315.7380484617333,304.4707286812533,286.4835110950102,274.03917351960865,281.8390576670628,301.8570862954986,258.81123669957657,281.2115667812796,304.48052146862346,289.66960201836173,283.65907011268183,270.1137806179017,319.10908461543744,282.65457073667216,302.96003711433417,266.6077941775481,297.5487792556746,316.989247714049,314.9196757145737,299.1427180459763,307.8638017243692,267.3711746491729,282.26324070943,293.6093257896309,276.55154432111436,297.37273875798536,252.56820276397357,305.4500977026484,253.57671197277543,271.4520783139331,305.308609353682,251.82792260771828,276.1016684985871,253.68098213450915,287.1741048119921,266.5676318497925,267.9433377375423,260.3075287344451,256.0510083945955,276.1083627253203,294.2487793531973,264.6297860375162,284.734138228685,268.7195080914551,287.9047910911312,291.97811042346456,316.4863187401994,269.0458960944648,309.9522743903218,259.5513386778201,309.98583622172595,300.50763642038703,251.62153761608803,276.0963838846843,315.84131776940575,315.7304092022871,250.97567000515394,290.2580391308215,256.05361124257917,290.5764807774915,258.29802071207195,304.89522397182543,252.42732539654855,262.3589162526122,301.4920868348906,285.60745729530805,264.1995855541435,266.5466080803714,320.13182709038716,319.2885506408491,280.2154082272746,303.3409884508044,273.5141302133104,282.88915386552077,274.4271055121868
Pd_coeFc,q_max [mol PGM/mol Ligand],0.1049296105496016,0.0022068872800522,0.0049923258680585,0.10708083867930909,0.10621187251881638,0.10444550539314622,0.10436936119357688,0.10459490603348301,0.10312978306964206,0.10712541213214807,0.10560122763249542,0.10278234154699162,0.10672562717814721,0.10367228590731159,0.10569113027297634,0.10684610566170176,0.10703496107732093,0.10474401726988439,0.10377736731175413,0.10633022422134443,0.10596666355477667,0.10340552343858576,0.10364449071938123,0.10643079388990101,0.10591829141269214,0.10582311549701932,0.1033469361370541,0.10673435611552098,0.10490692237666709,0.1032729119117239,0.10371967785473533,0.10381704692205583,0.10545705025123452,0.10527140105206387,0.10493263879790331,0.10627519942848732,0.10339202624044662,0.10540230653095495,0.1033805098562199,0.10300249004909985,0.10662313867091153,0.10700891792550558,0.10515935384353976,0.10660224705276612,0.10498987222204167,0.10351501129452,0.10384596145668361,0.10412446437345423,0.10323730564622309,0.10579405407550554,0.10695299822303848,0.10483771535557625,0.10300976868956241,0.10673027654327213,0.10710841502518337,0.10665097753006268,0.10533565694234466,0.10547092859298883,0.10572517872868166,0.10430290707669712,0.10597007974112094,0.10457097280814781,0.10369747881378784,0.10304763456833953,0.10586448541564276,0.10411823745708242,0.10412050366339923,0.10394340967922797,0.10624962319227547,0.105136205111589,0.1034267592660487,0.10523739976178986,0.10574416587361471,0.10643211688716726,0.10665034727892897,0.10593759153168268,0.10614217310537893,0.1041207525875855,0.1040605439855322,0.10286296714113645,0.106796789929001,0.10618749422267752,0.10342359271301341,0.10426297869758795,0.10634403780270422,0.10446595464381338,0.10560279955929934,0.10430588220556208,0.10517895033493523,0.10404386696010524,0.10680200009126531,0.1058695536119923,0.10325357502640932,0.10526340403876322,0.10704552441776492,0.10506260723174526,0.10470538003114446,0.10443527465310122,0.10412735243391788,0.10332515401483448,0.10541821165880483,0.10625055068353262,0.10444824309204684
Pd_coeFc,K_eq [~],2169.8945390359245,168.3681924460467,380.8753125292112,2297.6507993340983,2059.4129661384354,2027.8446894405083,2066.3566796446867,2031.302784896513,2030.729405432096,2224.047769196964,2016.0722287402407,2042.6958632007088,2059.918714110976,2197.2415732557133,2076.9642698229563,2034.0541280952777,2111.5724465328567,2100.9221409958395,2299.6573435061187,2247.095586584165,2270.7614983071553,2121.941296955057,2095.7100460536312,2215.2061713467347,2179.030967874185,2258.4021112144233,2196.2501003374655,2120.4363359268873,2309.8647606526033,2033.3837378215446,2328.8189672825474,2228.3659318421187,2220.7030711957705,2127.27066874548,2317.327493868175,2103.3537435724324,2073.7893771437084,2210.6729149981484,2181.8045841155345,2021.8766312030555,2326.853392670836,2022.5200398511956,2061.3959864406625,2108.4518367746314,2195.1715230947957,2334.073181849783,2103.8306583272174,2125.6916261643937,2052.45767695063,2020.373816660364,2301.7481249151715,2142.3293441939,2271.8586270239957,2288.4175141820206,2195.480624439849,2059.182798834499,2040.9885952163395,2189.490761488586,2021.4849902782737,2141.090929144399,2218.8310572780842,2177.1816682933277,2317.1915361942724,2216.0615622473574,2198.635554431037,2244.15292601688,2049.018354358856,2023.6387285621818,2157.4917586872784,2271.8008795973715,2088.465981697166,2181.802957674698,2278.3848865740547,2141.6333756906506,2163.304496637508,2109.151664268848,2020.683301198303,2135.821193148863,2109.473715925162,2029.0131740288869,2183.5498387930224,2256.3415148261984,2194.657133002675,2307.344446898483,2169.699208292428,2064.4380333758886,2150.5330889886836,2029.0561416760465,2191.1001261265446,2322.509619452106,2022.28184004605,2165.0048103071053,2170.7186459232353,2071.7120007426392,2082.2327494420097,2161.1247808475255,2055.5969444100765,2284.7980683168253,2332.827948381056,2130.414344701794,2159.9326818929894,2120.7312859650283,2220.0753285227224
Rh_coeFc,q_max [mol PGM/mol Ligand],0.0018146312873727,0.0002141614921772,0.0004713662661451,0.0017453999917524349,0.002021299316466068,0.0019568716635527676,0.0016434863904470022,0.0019364027282897623,0.0016747576091891323,0.001615652320357666,0.0016463836335702214,0.0017769144783800082,0.0016338612781115352,0.00183948970004463,0.001947660000313428,0.0017104622856718027,0.0017422674748164878,0.0017024784500396521,0.001720628514362461,0.001718020871249062,0.0018731042483732733,0.001805553349679247,0.001984364125601687,0.0019207650860754812,0.001888862901812594,0.0019070658737373922,0.0017216435309705086,0.0016436864433162644,0.0018977028610858433,0.002011969670296424,0.0016431631812472965,0.0017356583513816473,0.0018908779693772512,0.0016937493796939567,0.0017827112748528304,0.0016298988570247993,0.0016047238591286868,0.0017229789223760458,0.0020090181836449083,0.0019043150093342143,0.00178936601965862,0.001687238685934534,0.0018871567919406056,0.0017410665633131174,0.0016993363054758988,0.0019131626414212,0.001646964876112533,0.0018692591199595144,0.0019269524604494548,0.0018791370048877637,0.0018519996266812616,0.0018665250784521308,0.0019124131003968614,0.0019349548067280763,0.0018384395366459235,0.0018417457272119555,0.001681890238354291,0.0018229884281806708,0.0017159325440034784,0.001712593658724116,0.00186167291990332,0.001990670333116114,0.001857985290146972,0.0017928192889508018,0.0016559975195370637,0.0017716425307134154,0.001727038420021518,0.0017530622886551823,0.0019724813937460773,0.0017269957619988204,0.0016198207388955779,0.0016574050689213938,0.0018743494542250898,0.0017194388427036209,0.001977769199357269,0.0016772164992159301,0.002021136998740883,0.0016254362350160213,0.0017208922212751693,0.0019734826740626307,0.0016202497486147685,0.0016125094933501702,0.0020147308431400007,0.0018438135581657264,0.001642018963817406,0.0017765304851833307,0.0017181228252394582,0.0016722329715447468,0.0017384534926927705,0.001938044566112246,0.001990078712734625,0.0017237663833819235,0.0018525663219354045,0.0016786502820411388,0.0019394622997830058,0.0016033793294257107,0.0019623959070084775,0.0020254010731391007,0.0016781792216957379,0.001775755097434163,0.0017923895496354384,0.0018010747034010934,0.0017290560945544698
Rh_coeFc,K_eq [~],866.4776824454931,427.89103012824415,941.7818074485896,867.4739941604695,1222.6783931972116,864.7545406142413,660.1893328825374,1073.7023567596318,876.4525851651415,891.725341246488,644.2455528138553,672.3332795046398,781.2002456350563,1027.4040318549487,851.2107800024445,650.8813457542816,1199.2049370901411,1042.0192092172645,754.0397373346515,948.5019367159055,1070.8067994956923,872.9734095342533,637.26849590566,1083.126536532929,884.0215018605024,967.252860882491,827.9110847921922,472.2827787719391,634.8058432983298,1025.0331484015858,458.4169856305154,600.2227068621007,788.5036695647448,805.9188555556455,972.4728990907336,443.7274271691212,1159.2097497521393,528.3824347658814,1117.1023994634113,1134.5795056354334,1043.4086151447468,953.9643067071311,1259.9386488121322,490.7290764303791,926.096287020481,1134.8664277879702,1096.264153313851,692.4210856825466,546.641685887121,1092.8519484390104,807.6347659342875,920.1744918506337,635.6064903178608,455.959774699808,451.36795305274535,545.4869799440703,964.7161504766059,972.8075958809843,1167.469648942659,1247.1496453529728,693.6889531667707,1096.2250598151468,527.0409653915692,540.7952348126046,626.7290678967016,657.7175544444449,888.7898369081653,1006.0252758710415,675.6157793398181,1107.9057274732145,1045.906517231764,965.4277828792835,1013.89002512294,1244.3034870250767,465.94866981243655,615.4124713930595,1124.469961372308,983.5478893244199,661.6656066507657,969.5221785509129,941.7246025861464,870.7003670080521,980.7312696122224,1290.0113250578881,714.5169955497688,797.5984823724957,1019.7123501793785,775.546810077913,1016.9128356944157,1061.0766820154092,645.9914788234257,854.7893825161499,949.8100614180877,1168.6120826080098,846.4237285345183,1018.9574988530073,752.9879037002664,713.0727247240668,598.864818539139,925.0381232652005,449.2514530978057,1061.559174950034,511.1409995310881
