S1 Stages,S1 C_Pt_in [M],S1 C_Ir_in [M],S1 C_Rh_in [M],S1 q_Pt_in [mol PGM/mol ligand],S1 q_Ir_in [mol PGM/mol ligand],S1 q_Rh_in [mol PGM/mol ligand],S1 C_Pt_out [M],S1 C_Ir_out [M],S1 C_Rh_out [M],S1 q_Pt_out [mol PGM/mol ligand],S1 q_Ir_out [mol PGM/mol ligand],S1 q_Rh_out [mol PGM/mol ligand],S1 Material Residual Pt [mol PGM/time],S1 Material Residual Ir [mol PGM/time],S1 Material Residual Rh [mol PGM/time],S1 Q_org [L/time],S1 PGM Recovery [%],S1 PPM Mass Total Feed [mg/L],S1 PGM Relative Purity [%],S1 Q_aq [L/time],S1 C_lig [L/time],S1 Q_aq/(Q_org*C_lig) [1/M],S1 Ligand,S1 ier,S1 q_max_Pt,S1 q_max_Ir,S1 q_max_Rh,S1 K_eq_Pt,S1 K_eq_Ir,S1 K_eq_Rh,S2 Stages,S2 C_Pt_in [M],S2 C_Ir_in [M],S2 C_Rh_in [M],S2 q_Pt_in [mol PGM/mol ligand],S2 q_Ir_in [mol PGM/mol ligand],S2 q_Rh_in [mol PGM/mol ligand],S2 C_Pt_out [M],S2 C_Ir_out [M],S2 C_Rh_out [M],S2 q_Pt_out [mol PGM/mol ligand],S2 q_Ir_out [mol PGM/mol ligand],S2 q_Rh_out [mol PGM/mol ligand],S2 Material Residual Pt [mol PGM/time],S2 Material Residual Ir [mol PGM/time],S2 Material Residual Rh [mol PGM/time],S2 Q_org [L/time],S2 PGM Recovery [%],S2 PPM Mass Total Feed [mg/L],S2 PGM Relative Purity [%],S2 Q_aq [L/time],S2 C_lig [L/time],S2 Q_aq/(Q_org*C_lig) [1/M],S2 Ligand,S2 ier,S2 q_max_Pt,S2 q_max_Ir,S2 q_max_Rh,S2 K_eq_Pt,S2 K_eq_Ir,S2 K_eq_Rh
3,0.0010199627101633165,0.0010199627101633165,0.0010199627101633165,0,0,0,2.9602666964642283e-05,2.1739668998497753e-05,0.0009755043832839265,0.04564775414967987,0.04601017607946488,0.0020491767506510584,4.336808689942018e-19,-2.168404344971009e-19,0.0,0.21695701390943878,95.64118114942934,500.00000000000006,95,1,0.1,46.09207980791142,ddFc,1,0.283184293825222,0.61167783535938,0.00376986289722275,1822.21079088769,950.348657314128,2401.50309384427,5,0.0012708099000744014,0.0012808995394214906,5.704802241071308e-05,0,0,0,0.0006922241788047389,1.4709390667946078e-05,5.67651917009394e-05,0.060124066986552586,0.1315768753405529,2.9390515381141933e-05,-1.7016553097159992e-16,2.6042536183101817e-16,-5.794234754811448e-20,0.0749949262293947,99.50422346328244,499.99999999999994,95,0.7793140761184594,0.1,103.9155733995512,deFc,5,0.272571356225773,0.409453841140154,0.0031092147446044,349.540544019572,950.330400338052,369.020998529195
3,0.0010199627101633165,0.0010199627101633165,0.0010199627101633165,0,0,0,2.9602666964642283e-05,2.1739668998497753e-05,0.0009755043832839265,0.04564775414967987,0.04601017607946488,0.0020491767506510584,4.336808689942018e-19,-2.168404344971009e-19,0.0,0.21695701390943878,95.64118114942934,500.00000000000006,95,1,0.1,46.09207980791142,ddFc,1,0.283184293825222,0.61167783535938,0.00376986289722275,1822.21079088769,950.348657314128,2401.50309384427,6,0.0012708099000744014,0.0012808995394214906,5.704802241071308e-05,0,0,0,0.0007458098145323921,1.009795794009201e-05,5.6789484540542775e-05,0.0579478186831549,0.14026698595758277,2.8536577489979318e-05,-1.8559914889693108e-15,-1.1219757761748994e-14,-3.417513244375085e-19,0.07060489349309602,99.54680660390122,499.99999999999994,95,0.7793140761184594,0.1,110.37677950674386,deFc,5,0.272571356225773,0.409453841140154,0.0031092147446044,349.540544019572,950.330400338052,369.020998529195
3,0.0010199627101633165,0.0010199627101633165,0.0010199627101633165,0,0,0,2.9602666964642283e-05,2.1739668998497753e-05,0.0009755043832839265,0.04564775414967987,0.04601017607946488,0.0020491767506510584,4.336808689942018e-19,-2.168404344971009e-19,0.0,0.21695701390943878,95.64118114942934,500.00000000000006,95,1,0.1,46.09207980791142,ddFc,1,0.283184293825222,0.61167783535938,0.00376986289722275,1822.21079088769,950.348657314128,2401.50309384427,7,0.0012708099000744014,0.0012808995394214906,5.704802241071308e-05,0,0,0,0.0007892296236341757,7.328781482984373e-06,5.6808100805696746e-05,0.05588353192991772,0.14778768074957757,2.7840979643654278e-05,-4.5705518363081676e-14,-5.890906252387085e-13,-2.5488280174065965e-18,0.06715793996829879,99.57943922527403,499.99999999999994,95,0.7793140761184594,0.1,116.04198647044959,deFc,5,0.272571356225773,0.409453841140154,0.0031092147446044,349.540544019572,950.330400338052,369.020998529195
3,0.0010199627101633165,0.0010199627101633165,0.0010199627101633165,0,0,0,2.9602666964642283e-05,2.1739668998497753e-05,0.0009755043832839265,0.04564775414967987,0.04601017607946488,0.0020491767506510584,4.336808689942018e-19,-2.168404344971009e-19,0.0,0.21695701390943878,95.64118114942934,500.00000000000006,95,1,0.1,46.09207980791142,ddFc,1,0.283184293825222,0.61167783535938,0.00376986289722275,1822.21079088769,950.348657314128,2401.50309384427,8,0.0012708099000744014,0.0012808995394214906,5.704802241071308e-05,0,0,0,0.0008235382269100089,5.510021500332754e-06,5.682258749889752e-05,0.05407955628326496,0.1542071706232997,2.7257304079715407e-05,-2.408717756502421e-15,-2.3106083019142076e-14,-3.8293830149774884e-19,0.06445413659141634,99.60483308221876,499.99999999999994,95,0.7793140761184594,0.1,120.9098620091118,deFc,5,0.272571356225773,0.409453841140154,0.0031092147446044,349.540544019572,950.330400338052,369.020998529195
3,0.0010199627101633165,0.0010199627101633165,0.0010199627101633165,0,0,0,2.9602666964642283e-05,2.1739668998497753e-05,0.0009755043832839265,0.04564775414967987,0.04601017607946488,0.0020491767506510584,4.336808689942018e-19,-2.168404344971009e-19,0.0,0.21695701390943878,95.64118114942934,500.00000000000006,95,1,0.1,46.09207980791142,ddFc,1,0.283184293825222,0.61167783535938,0.00376986289722275,1822.21079088769,950.348657314128,2401.50309384427,9,0.0012708099000744014,0.0012808995394214906,5.704802241071308e-05,0,0,0,0.0008512213615023286,4.281907246042349e-06,5.683423400128948e-05,0.05250928039159912,0.15976192763788977,2.675448560716171e-05,-5.837592778959455e-13,-9.73528159128878e-12,-1.928429323102025e-17,0.06227304058108242,99.62524834273053,499.99999999999994,95,0.7793140761184594,0.1,125.14469646038174,deFc,5,0.272571356225773,0.409453841140154,0.0031092147446044,349.540544019572,950.330400338052,369.020998529195
3,0.0010199627101633165,0.0010199627101633165,0.0010199627101633165,0,0,0,2.9602666964642283e-05,2.1739668998497753e-05,0.0009755043832839265,0.04564775414967987,0.04601017607946488,0.0020491767506510584,4.336808689942018e-19,-2.168404344971009e-19,0.0,0.21695701390943878,95.64118114942934,500.00000000000006,95,1,0.1,46.09207980791142,ddFc,1,0.283184293825222,0.61167783535938,0.00376986289722275,1822.21079088769,950.348657314128,2401.50309384427,10,0.0012708099000744014,0.0012808995394214906,5.704802241071308e-05,0,0,0,0.0008731600246020558,3.3814008397617762e-06,5.6843456183823705e-05,0.0511848938828061,0.16444021356714553,2.633145703833377e-05,-9.912426782165973e-14,-1.7032948402412318e-12,-4.7073591345861724e-18,0.06054406327988393,99.64141399080127,499.99999999999994,95,0.7793140761184594,0.1,128.71849590204005,deFc,5,0.272571356225773,0.409453841140154,0.0031092147446044,349.540544019572,950.330400338052,369.020998529195
3,0.0010199627101633165,0.0010199627101633165,0.0010199627101633165,0,0,0,2.9602666964642283e-05,2.1739668998497753e-05,0.0009755043832839265,0.04564775414967987,0.04601017607946488,0.0020491767506510584,4.336808689942018e-19,-2.168404344971009e-19,0.0,0.21695701390943878,95.64118114942934,500.00000000000006,95,1,0.1,46.09207980791142,ddFc,1,0.283184293825222,0.61167783535938,0.00376986289722275,1822.21079088769,950.348657314128,2401.50309384427,11,0.0012708099000744014,0.0012808995394214906,5.704802241071308e-05,0,0,0,0.0008909005512731201,2.7150402530373724e-06,5.685091350360098e-05,0.05005830279205797,0.16841845805754785,2.5971820343273033e-05,-4.9218387612043335e-14,-8.392180179950248e-13,-3.2383657760308004e-18,0.05914477453399148,99.65448599481148,499.99999999999994,95,0.7793140761184594,0.1,131.7638087656543,deFc,4,0.272571356225773,0.409453841140154,0.0031092147446044,349.540544019572,950.330400338052,369.020998529195
3,0.0010199627101633165,0.0010199627101633165,0.0010199627101633165,0,0,0,2.9602666964642283e-05,2.1739668998497753e-05,0.0009755043832839265,0.04564775414967987,0.04601017607946488,0.0020491767506510584,4.336808689942018e-19,-2.168404344971009e-19,0.0,0.21695701390943878,95.64118114942934,500.00000000000006,95,1,0.1,46.09207980791142,ddFc,1,0.283184293825222,0.61167783535938,0.00376986289722275,1822.21079088769,950.348657314128,2401.50309384427,12,0.0012708099000744014,0.0012808995394214906,5.704802241071308e-05,0,0,0,0.0009051507864790137,2.1991839873502194e-06,5.685690386059456e-05,0.04911433699047631,0.17175155173650428,2.5670523519448068e-05,-1.6794291651800464e-16,-8.456776945386935e-17,-6.54862347345981e-20,0.058020389105793914,99.6649865463476,499.99999999999994,95,0.7793140761184594,0.1,134.31727848247695,deFc,5,0.272571356225773,0.409453841140154,0.0031092147446044,349.540544019572,950.330400338052,369.020998529195
3,0.0010199627101633165,0.0010199627101633165,0.0010199627101633165,0,0,0,2.9602666964642283e-05,2.1739668998497753e-05,0.0009755043832839265,0.04564775414967987,0.04601017607946488,0.0020491767506510584,4.336808689942018e-19,-2.168404344971009e-19,0.0,0.21695701390943878,95.64118114942934,500.00000000000006,95,1,0.1,46.09207980791142,ddFc,1,0.283184293825222,0.61167783535938,0.00376986289722275,1822.21079088769,950.348657314128,2401.50309384427,13,0.0012708099000744014,0.0012808995394214906,5.704802241071308e-05,0,0,0,0.0009164950996343066,1.783933427315911e-06,5.686167245756574e-05,0.048336205159813024,0.1744990451362433,2.542216570028216e-05,-5.870954764009007e-17,7.567731163948821e-17,-1.4293680984916318e-20,0.05712540122816617,99.67334546357151,499.99999999999994,95,0.7793140761184594,0.1,136.42163719879693,deFc,5,0.272571356225773,0.409453841140154,0.0031092147446044,349.540544019572,950.330400338052,369.020998529195
3,0.0010199627101633165,0.0010199627101633165,0.0010199627101633165,0,0,0,2.9602666964642283e-05,2.1739668998497753e-05,0.0009755043832839265,0.04564775414967987,0.04601017607946488,0.0020491767506510584,4.336808689942018e-19,-2.168404344971009e-19,0.0,0.21695701390943878,95.64118114942934,500.00000000000006,95,1,0.1,46.09207980791142,ddFc,1,0.283184293825222,0.61167783535938,0.00376986289722275,1822.21079088769,950.348657314128,2401.50309384427,14,0.0012708099000744014,0.0012808995394214906,5.704802241071308e-05,0,0,0,0.0009253309680732763,1.4332897771739069e-06,5.6865385826213174e-05,0.04771251259885666,0.17670122227818125,2.522310199492717e-05,-3.7025504190379976e-17,-2.4936649967166602e-17,-4.155755397466411e-21,0.056428928187977595,99.67985466142011,499.99999999999994,95,0.7793140761184594,0.1,138.10541882390302,deFc,5,0.272571356225773,0.409453841140154,0.0031092147446044,349.540544019572,950.330400338052,369.020998529195
4,0.0010199627101633165,0.0010199627101633165,0.0010199627101633165,0,0,0,3.1157785375177016e-05,2.092879477002923e-05,0.000989645022756342,0.060182172167174336,0.06080474478819172,0.0018452419051495131,7.3075226425523e-17,-6.5052130349130266e-18,-7.555533889508359e-19,0.16430196670890496,97.02756903709549,500.00000000000006,95,1,0.1,60.86354412127687,ddFc,1,0.283184293825222,0.61167783535938,0.00376986289722275,1822.21079088769,950.348657314128,2401.50309384427,5,0.0012740548078637838,0.001287234651868886,3.906371665012381e-05,0,0,0,0.0006563896623403312,1.1390363776766769e-05,3.88587695340647e-05,0.061667099203832794,0.1273790772437223,2.046172465639237e-05,-4.987872094519563e-16,-6.112731848473274e-16,-1.0209393992374489e-19,0.07773598123443069,99.47535172371147,499.9999999999999,95,0.776108624750612,0.1,99.83904652982746,deFc,5,0.272571356225773,0.409453841140154,0.0031092147446044,349.540544019572,950.330400338052,369.020998529195
4,0.0010199627101633165,0.0010199627101633165,0.0010199627101633165,0,0,0,3.1157785375177016e-05,2.092879477002923e-05,0.000989645022756342,0.060182172167174336,0.06080474478819172,0.0018452419051495131,7.3075226425523e-17,-6.5052130349130266e-18,-7.555533889508359e-19,0.16430196670890496,97.02756903709549,500.00000000000006,95,1,0.1,60.86354412127687,ddFc,1,0.283184293825222,0.61167783535938,0.00376986289722275,1822.21079088769,950.348657314128,2401.50309384427,6,0.0012740548078637838,0.001287234651868886,3.906371665012381e-05,0,0,0,0.000716755538313487,7.73583804872797e-06,3.887773893633625e-05,0.0594428171810935,0.13647427574474838,1.983680912801351e-05,-1.361283048090245e-13,-1.769843169588392e-12,-3.892672258005146e-18,0.07276316808532746,99.52391188106017,499.9999999999999,95,0.776108624750612,0.1,106.66229153745613,deFc,5,0.272571356225773,0.409453841140154,0.0031092147446044,349.540544019572,950.330400338052,369.020998529195
4,0.0010199627101633165,0.0010199627101633165,0.0010199627101633165,0,0,0,3.1157785375177016e-05,2.092879477002923e-05,0.000989645022756342,0.060182172167174336,0.06080474478819172,0.0018452419051495131,7.3075226425523e-17,-6.5052130349130266e-18,-7.555533889508359e-19,0.16430196670890496,97.02756903709549,500.00000000000006,95,1,0.1,60.86354412127687,ddFc,1,0.283184293825222,0.61167783535938,0.00376986289722275,1822.21079088769,950.348657314128,2401.50309384427,7,0.0012740548078637838,0.001287234651868886,3.906371665012381e-05,0,0,0,0.0007654947971546469,5.548149345123649e-06,3.889206696285277e-05,0.05728093193074953,0.14436093793792878,1.9333517732949092e-05,-2.8278871215189905e-12,-4.555328900548994e-11,-4.406342153977715e-17,0.06890562007959061,99.5605904865417,499.9999999999999,95,0.776108624750612,0.1,112.63357384407172,deFc,5,0.272571356225773,0.409453841140154,0.0031092147446044,349.540544019572,950.330400338052,369.020998529195
4,0.0010199627101633165,0.0010199627101633165,0.0010199627101633165,0,0,0,3.1157785375177016e-05,2.092879477002923e-05,0.000989645022756342,0.060182172167174336,0.06080474478819172,0.0018452419051495131,7.3075226425523e-17,-6.5052130349130266e-18,-7.555533889508359e-19,0.16430196670890496,97.02756903709549,500.00000000000006,95,1,0.1,60.86354412127687,ddFc,1,0.283184293825222,0.61167783535938,0.00376986289722275,1822.21079088769,950.348657314128,2401.50309384427,8,0.0012740548078637838,0.001287234651868886,3.906371665012381e-05,0,0,0,0.0008046405652097631,4.156457197694572e-06,3.890336096403047e-05,0.055335585493595865,0.15125208556417852,1.890308169128626e-05,-5.741712444037872e-14,-9.809900287927054e-13,-1.9435965068137972e-18,0.06583764120543054,99.58950222906445,499.9999999999999,95,0.776108624750612,0.1,117.88220393998498,deFc,5,0.272571356225773,0.409453841140154,0.0031092147446044,349.540544019572,950.330400338052,369.020998529195
4,0.0010199627101633165,0.0010199627101633165,0.0010199627101633165,0,0,0,3.1157785375177016e-05,2.092879477002923e-05,0.000989645022756342,0.060182172167174336,0.06080474478819172,0.0018452419051495131,7.3075226425523e-17,-6.5052130349130266e-18,-7.555533889508359e-19,0.16430196670890496,97.02756903709549,500.00000000000006,95,1,0.1,60.86354412127687,ddFc,1,0.283184293825222,0.61167783535938,0.00376986289722275,1822.21079088769,950.348657314128,2401.50309384427,9,0.0012740548078637838,0.001287234651868886,3.906371665012381e-05,0,0,0,0.0008867220957741472,7.742554817939205e-06,3.892702917025753e-05,0.050707734855462976,0.16750494854121487,1.7894467135814428e-05,-6.73235339004874e-16,-1.979753166958531e-15,-1.2987397361572577e-19,0.059283314342150985,99.65009094989468,499.9999999999999,95,0.776108624750612,0.1,130.91518808670781,deFc,1,0.272571356225773,0.409453841140154,0.0031092147446044,349.540544019572,950.330400338052,369.020998529195
4,0.0010199627101633165,0.0010199627101633165,0.0010199627101633165,0,0,0,3.1157785375177016e-05,2.092879477002923e-05,0.000989645022756342,0.060182172167174336,0.06080474478819172,0.0018452419051495131,7.3075226425523e-17,-6.5052130349130266e-18,-7.555533889508359e-19,0.16430196670890496,97.02756903709549,500.00000000000006,95,1,0.1,60.86354412127687,ddFc,1,0.283184293825222,0.61167783535938,0.00376986289722275,1822.21079088769,950.348657314128,2401.50309384427,10,0.0012740548078637838,0.001287234651868886,3.906371665012381e-05,0,0,0,0.0009195121196421499,9.458890671906747e-06,3.8936484046127014e-05,0.04856433496870687,0.17502639919881527,1.742799105639548e-05,-3.7486290113686316e-16,-1.9309640691966834e-15,-7.030373462210693e-20,0.056659612110154044,99.67429467826537,499.9999999999999,95,0.776108624750612,0.1,136.97739815827728,deFc,1,0.272571356225773,0.409453841140154,0.0031092147446044,349.540544019572,950.330400338052,369.020998529195
4,0.0010199627101633165,0.0010199627101633165,0.0010199627101633165,0,0,0,3.1157785375177016e-05,2.092879477002923e-05,0.000989645022756342,0.060182172167174336,0.06080474478819172,0.0018452419051495131,7.3075226425523e-17,-6.5052130349130266e-18,-7.555533889508359e-19,0.16430196670890496,97.02756903709549,500.00000000000006,95,1,0.1,60.86354412127687,ddFc,1,0.283184293825222,0.61167783535938,0.00376986289722275,1822.21079088769,950.348657314128,2401.50309384427,11,0.0012740548078637838,0.001287234651868886,3.906371665012381e-05,0,0,0,0.0009375540328823341,1.040326323837957e-05,3.89416858606967e-05,0.04729803254470626,0.17946946341507658,1.7152460445568105e-05,-8.061506648858463e-13,-1.8665885026872275e-11,-1.3276685582839522e-17,0.055216071462944744,99.6876109088132,499.9999999999999,95,0.776108624750612,0.1,140.55846498812488,deFc,1,0.272571356225773,0.409453841140154,0.0031092147446044,349.540544019572,950.330400338052,369.020998529195
4,0.0010199627101633165,0.0010199627101633165,0.0010199627101633165,0,0,0,3.1157785375177016e-05,2.092879477002923e-05,0.000989645022756342,0.060182172167174336,0.06080474478819172,0.0018452419051495131,7.3075226425523e-17,-6.5052130349130266e-18,-7.555533889508359e-19,0.16430196670890496,97.02756903709549,500.00000000000006,95,1,0.1,60.86354412127687,ddFc,1,0.283184293825222,0.61167783535938,0.00376986289722275,1822.21079088769,950.348657314128,2401.50309384427,12,0.0012740548078637838,0.001287234651868886,3.906371665012381e-05,0,0,0,0.0009483377171861324,1.0967716498181754e-05,3.894479493506556e-05,0.04650903685429342,0.1822377383476184,1.6980792800047657e-05,-9.422855291180143e-15,-2.570122933920338e-13,-2.98830576813357e-19,0.05435327420453541,99.69556989130508,499.9999999999999,95,0.776108624750612,0.1,142.78967295145046,deFc,1,0.272571356225773,0.409453841140154,0.0031092147446044,349.540544019572,950.330400338052,369.020998529195
4,0.0010199627101633165,0.0010199627101633165,0.0010199627101633165,0,0,0,3.1157785375177016e-05,2.092879477002923e-05,0.000989645022756342,0.060182172167174336,0.06080474478819172,0.0018452419051495131,7.3075226425523e-17,-6.5052130349130266e-18,-7.555533889508359e-19,0.16430196670890496,97.02756903709549,500.00000000000006,95,1,0.1,60.86354412127687,ddFc,1,0.283184293825222,0.61167783535938,0.00376986289722275,1822.21079088769,950.348657314128,2401.50309384427,13,0.0012740548078637838,0.001287234651868886,3.906371665012381e-05,0,0,0,0.0009549136772412551,1.131192378859087e-05,3.89466908601349e-05,0.04601548575782274,0.18396940565934464,1.6873408206667723e-05,-1.8913906899009625e-16,-1.0377983195031248e-15,-4.8492636230308694e-20,0.05382713664972834,99.70042330831687,499.9999999999999,95,0.776108624750612,0.1,144.18538177146914,deFc,1,0.272571356225773,0.409453841140154,0.0031092147446044,349.540544019572,950.330400338052,369.020998529195
4,0.0010199627101633165,0.0010199627101633165,0.0010199627101633165,0,0,0,3.1157785375177016e-05,2.092879477002923e-05,0.000989645022756342,0.060182172167174336,0.06080474478819172,0.0018452419051495131,7.3075226425523e-17,-6.5052130349130266e-18,-7.555533889508359e-19,0.16430196670890496,97.02756903709549,500.00000000000006,95,1,0.1,60.86354412127687,ddFc,1,0.283184293825222,0.61167783535938,0.00376986289722275,1822.21079088769,950.348657314128,2401.50309384427,14,0.0012740548078637838,0.001287234651868886,3.906371665012381e-05,0,0,0,0.0009589268838290733,1.15219881130402e-05,3.8947847912711206e-05,0.045709509596780225,0.1850429485915627,1.680683544927811e-05,-3.57298825942598e-16,-5.502759706232929e-15,-6.203192849657665e-20,0.053506043250282326,99.70338527065823,499.9999999999999,95,0.776108624750612,0.1,145.05064803993272,deFc,1,0.272571356225773,0.409453841140154,0.0031092147446044,349.540544019572,950.330400338052,369.020998529195
5,0.0010199627101633165,0.0010199627101633165,0.0010199627101633165,0,0,0,3.2460596203728664e-05,1.9950530769709224e-05,0.000995811411923098,0.0698726989967359,0.07075787384764924,0.0017088737010928891,8.673617379884035e-19,-2.168404344971009e-19,2.710505431213761e-19,0.14132874901622422,97.6321390968939,500.00000000000006,95,1,0.1,70.75701207014875,ddFc,1,0.283184293825222,0.61167783535938,0.00376986289722275,1822.21079088769,950.348657314128,2401.50309384427,5,0.0012746778127601685,0.0012908259329712575,3.117474239393866e-05,0,0,0,0.0006336264931511106,9.782892924884554e-06,3.100561540195177e-05,0.062490362423359536,0.124877434000404,1.6486678525493913e-05,-6.196432256189155e-15,-4.8729683482795494e-14,-4.537714317118897e-19,0.07947258922591353,99.45748712258879,500.00000000000006,95,0.7747072272492642,0.1,97.4810604253795,deFc,5,0.272571356225773,0.409453841140154,0.0031092147446044,349.540544019572,950.330400338052,369.020998529195
5,0.0010199627101633165,0.0010199627101633165,0.0010199627101633165,0,0,0,3.2460596203728664e-05,1.9950530769709224e-05,0.000995811411923098,0.0698726989967359,0.07075787384764924,0.0017088737010928891,8.673617379884035e-19,-2.168404344971009e-19,2.710505431213761e-19,0.14132874901622422,97.6321390968939,500.00000000000006,95,1,0.1,70.75701207014875,ddFc,1,0.283184293825222,0.61167783535938,0.00376986289722275,1822.21079088769,950.348657314128,2401.50309384427,6,0.0012746778127601685,0.0012908259329712575,3.117474239393866e-05,0,0,0,0.0006976449200814012,6.586283926382653e-06,3.102183543715218e-05,0.06027139448835565,0.1341395205380468,1.597121344047433e-05,-1.0978790576307573e-12,-1.5983989305745627e-11,-1.6560976426479267e-17,0.07416977111804424,99.50951653471814,500.00000000000006,95,0.7747072272492642,0.1,104.45053497823066,deFc,5,0.272571356225773,0.409453841140154,0.0031092147446044,349.540544019572,950.330400338052,369.020998529195
5,0.0010199627101633165,0.0010199627101633165,0.0010199627101633165,0,0,0,3.2460596203728664e-05,1.9950530769709224e-05,0.000995811411923098,0.0698726989967359,0.07075787384764924,0.0017088737010928891,8.673617379884035e-19,-2.168404344971009e-19,2.710505431213761e-19,0.14132874901622422,97.6321390968939,500.00000000000006,95,1,0.1,70.75701207014875,ddFc,1,0.283184293825222,0.61167783535938,0.00376986289722275,1822.21079088769,950.348657314128,2401.50309384427,7,0.0012746778127601685,0.0012908259329712575,3.117474239393866e-05,0,0,0,0.0008426526116463859,1.3294583874117109e-05,3.105555358095588e-05,0.05350821590330925,0.15822786359429056,1.4762057127748623e-05,-2.195583775552179e-12,-2.589908300841548e-11,-4.291422282347968e-17,0.06254984252456613,99.61767506696077,500.00000000000006,95,0.7747072272492642,0.1,123.85438491631723,deFc,1,0.272571356225773,0.409453841140154,0.0031092147446044,349.540544019572,950.330400338052,369.020998529195
5,0.0010199627101633165,0.0010199627101633165,0.0010199627101633165,0,0,0,3.2460596203728664e-05,1.9950530769709224e-05,0.000995811411923098,0.0698726989967359,0.07075787384764924,0.0017088737010928891,8.673617379884035e-19,-2.168404344971009e-19,2.710505431213761e-19,0.14132874901622422,97.6321390968939,500.00000000000006,95,1,0.1,70.75701207014875,ddFc,1,0.283184293825222,0.61167783535938,0.00376986289722275,1822.21079088769,950.348657314128,2401.50309384427,8,0.0012746778127601685,0.0012908259329712575,3.117474239393866e-05,0,0,0,0.0008953769683546612,1.6057413919336664e-05,3.1067689678864704e-05,0.05036320569327582,0.16926255299240636,1.4214357771439165e-05,-2.4464431131951403e-13,-2.97462575404861e-12,-8.98862099203403e-18,0.0583455921167806,99.65660433141295,500.00000000000006,95,0.7747072272492642,0.1,132.77904964931412,deFc,1,0.272571356225773,0.409453841140154,0.0031092147446044,349.540544019572,950.330400338052,369.020998529195
5,0.0010199627101633165,0.0010199627101633165,0.0010199627101633165,0,0,0,3.2460596203728664e-05,1.9950530769709224e-05,0.000995811411923098,0.0698726989967359,0.07075787384764924,0.0017088737010928891,8.673617379884035e-19,-2.168404344971009e-19,2.710505431213761e-19,0.14132874901622422,97.6321390968939,500.00000000000006,95,1,0.1,70.75701207014875,ddFc,1,0.283184293825222,0.61167783535938,0.00376986289722275,1822.21079088769,950.348657314128,2401.50309384427,9,0.0012746778127601685,0.0012908259329712575,3.117474239393866e-05,0,0,0,0.0009240826132497227,1.7561640189882792e-05,3.107428682731671e-05,0.04845063470097574,0.17595923533439425,1.3882494590104747e-05,-9.70174461600859e-14,-1.7981345579176633e-12,-2.8674712242518236e-18,0.056058839409009346,99.6777661693157,500.00000000000006,95,0.7747072272492642,0.1,138.19537389936744,deFc,1,0.272571356225773,0.409453841140154,0.0031092147446044,349.540544019572,950.330400338052,369.020998529195
5,0.0010199627101633165,0.0010199627101633165,0.0010199627101633165,0,0,0,3.2460596203728664e-05,1.9950530769709224e-05,0.000995811411923098,0.0698726989967359,0.07075787384764924,0.0017088737010928891,8.673617379884035e-19,-2.168404344971009e-19,2.710505431213761e-19,0.14132874901622422,97.6321390968939,500.00000000000006,95,1,0.1,70.75701207014875,ddFc,1,0.283184293825222,0.61167783535938,0.00376986289722275,1822.21079088769,950.348657314128,2401.50309384427,10,0.0012746778127601685,0.0012908259329712575,3.117474239393866e-05,0,0,0,0.0009411185687794249,1.8454355431770103e-05,3.107820081988604e-05,0.04723974121823413,0.18019738680146663,1.3672530611745941e-05,-5.955229798876305e-14,-1.0865149925598505e-12,-2.6546674311439815e-18,0.05470198405479212,99.69032118106166,500.00000000000006,95,0.7747072272492642,0.1,141.62324102783558,deFc,1,0.272571356225773,0.409453841140154,0.0031092147446044,349.540544019572,950.330400338052,369.020998529195
5,0.0010199627101633165,0.0010199627101633165,0.0010199627101633165,0,0,0,3.2460596203728664e-05,1.9950530769709224e-05,0.000995811411923098,0.0698726989967359,0.07075787384764924,0.0017088737010928891,8.673617379884035e-19,-2.168404344971009e-19,2.710505431213761e-19,0.14132874901622422,97.6321390968939,500.00000000000006,95,1,0.1,70.75701207014875,ddFc,1,0.283184293825222,0.61167783535938,0.00376986289722275,1822.21079088769,950.348657314128,2401.50309384427,11,0.0012746778127601685,0.0012908259329712575,3.117474239393866e-05,0,0,0,0.0009514900406249254,1.8997839716553488e-05,3.108058349550619e-05,0.04647265178239332,0.18288199385602977,1.353953978412965e-05,-3.0650558046491083e-14,-1.0056430514715498e-12,-6.533535699086842e-19,0.05387596645760364,99.69796414917361,500.00000000000006,95,0.7747072272492642,0.1,143.79458563567502,deFc,1,0.272571356225773,0.409453841140154,0.0031092147446044,349.540544019572,950.330400338052,369.020998529195
5,0.0010199627101633165,0.0010199627101633165,0.0010199627101633165,0,0,0,3.2460596203728664e-05,1.9950530769709224e-05,0.000995811411923098,0.0698726989967359,0.07075787384764924,0.0017088737010928891,8.673617379884035e-19,-2.168404344971009e-19,2.710505431213761e-19,0.14132874901622422,97.6321390968939,500.00000000000006,95,1,0.1,70.75701207014875,ddFc,1,0.283184293825222,0.61167783535938,0.00376986289722275,1822.21079088769,950.348657314128,2401.50309384427,12,0.0012746778127601685,0.0012908259329712575,3.117474239393866e-05,0,0,0,0.000957827137745311,1.9329915300235636e-05,3.108203931793971e-05,0.04599226034225487,0.18456320432076231,1.3456256659817075e-05,-2.791224282955307e-15,-6.295766859232277e-14,-2.217373437234148e-19,0.053371264223360984,99.7026340271637,500.00000000000006,95,0.7747072272492642,0.1,145.15437071287687,deFc,1,0.272571356225773,0.409453841140154,0.0031092147446044,349.540544019572,950.330400338052,369.020998529195
5,0.0010199627101633165,0.0010199627101633165,0.0010199627101633165,0,0,0,3.2460596203728664e-05,1.9950530769709224e-05,0.000995811411923098,0.0698726989967359,0.07075787384764924,0.0017088737010928891,8.673617379884035e-19,-2.168404344971009e-19,2.710505431213761e-19,0.14132874901622422,97.6321390968939,500.00000000000006,95,1,0.1,70.75701207014875,ddFc,1,0.283184293825222,0.61167783535938,0.00376986289722275,1822.21079088769,950.348657314128,2401.50309384427,13,0.0012746778127601685,0.0012908259329712575,3.117474239393866e-05,0,0,0,0.0009616776635916758,1.953168999685435e-05,3.108292389682814e-05,0.04569590279763909,0.18560035293429852,1.3404878975725412e-05,-9.107298248878237e-18,-1.0191500421363742e-16,-4.208694956669805e-21,0.05306459941600415,99.7054715129631,500.00000000000006,95,0.7747072272492642,0.1,145.99323009599775,deFc,1,0.272571356225773,0.409453841140154,0.0031092147446044,349.540544019572,950.330400338052,369.020998529195
5,0.0010199627101633165,0.0010199627101633165,0.0010199627101633165,0,0,0,3.2460596203728664e-05,1.9950530769709224e-05,0.000995811411923098,0.0698726989967359,0.07075787384764924,0.0017088737010928891,8.673617379884035e-19,-2.168404344971009e-19,2.710505431213761e-19,0.14132874901622422,97.6321390968939,500.00000000000006,95,1,0.1,70.75701207014875,ddFc,1,0.283184293825222,0.61167783535938,0.00376986289722275,1822.21079088769,950.348657314128,2401.50309384427,14,0.0012746778127601685,0.0012908259329712575,3.117474239393866e-05,0,0,0,0.0009639970325613531,1.9653229201387964e-05,3.108345672354639e-05,0.045515732556854475,0.1862308856537996,1.3373644024734552e-05,-8.741949221804934e-15,-6.089532090386429e-13,-1.5020276434982898e-19,0.05287987960988183,99.70718067453856,500.00000000000006,95,0.7747072272492642,0.1,146.5032131246555,deFc,1,0.272571356225773,0.409453841140154,0.0031092147446044,349.540544019572,950.330400338052,369.020998529195
6,0.0010199627101633165,0.0010199627101633165,0.0010199627101633165,0,0,0,3.365885182136917e-05,1.8919855399299888e-05,0.0009989954371926863,0.07618807044802793,0.07732659960234568,0.0016196388736376677,6.7220534694101275e-18,-4.336808689942018e-19,-2.303929616531697e-19,0.1294564690432412,97.94430984959509,500.00000000000006,95,1,0.1,77.24604319819497,ddFc,1,0.283184293825222,0.61167783535938,0.00376986289722275,1822.21079088769,950.348657314128,2401.50309384427,5,0.0012743263261461681,0.0012933694344162711,2.709017886119244e-05,0,0,0,0.0006185842428845889,8.885417570866331e-06,2.6940078699894074e-05,0.06296070745977182,0.12332901076029155,1.4411782598559516e-05,-3.0553684582379503e-14,-3.203045467747856e-13,-1.1104072542911844e-18,0.08061085612428519,99.44592406691936,500.00000000000006,95,0.7739806030098523,0.1,96.01443778447596,deFc,4,0.272571356225773,0.409453841140154,0.0031092147446044,349.540544019572,950.330400338052,369.020998529195
6,0.0010199627101633165,0.0010199627101633165,0.0010199627101633165,0,0,0,3.365885182136917e-05,1.8919855399299888e-05,0.0009989954371926863,0.07618807044802793,0.07732659960234568,0.0016196388736376677,6.7220534694101275e-18,-4.336808689942018e-19,-2.303929616531697e-19,0.1294564690432412,97.94430984959509,500.00000000000006,95,1,0.1,77.24604319819497,ddFc,1,0.283184293825222,0.61167783535938,0.00376986289722275,1822.21079088769,950.348657314128,2401.50309384427,6,0.0012743263261461681,0.0012933694344162711,2.709017886119244e-05,0,0,0,0.0007875427699458859,1.447401802284142e-05,2.6975601454796075e-05,0.056405756544671656,0.14819125061102162,1.3276589144304511e-05,-8.197665636588969e-13,-8.561956048661057e-12,-1.6785096050366834e-17,0.06679478377079437,99.57705186450244,500.00000000000006,95,0.7739806030098523,0.1,115.87440804745457,deFc,1,0.272571356225773,0.409453841140154,0.0031092147446044,349.540544019572,950.330400338052,369.020998529195
6,0.0010199627101633165,0.0010199627101633165,0.0010199627101633165,0,0,0,3.365885182136917e-05,1.8919855399299888e-05,0.0009989954371926863,0.07618807044802793,0.07732659960234568,0.0016196388736376677,6.7220534694101275e-18,-4.336808689942018e-19,-2.303929616531697e-19,0.1294564690432412,97.94430984959509,500.00000000000006,95,1,0.1,77.24604319819497,ddFc,1,0.283184293825222,0.61167783535938,0.00376986289722275,1822.21079088769,950.348657314128,2401.50309384427,7,0.0012743263261461681,0.0012933694344162711,2.709017886119244e-05,0,0,0,0.0008683428404713093,1.871039395808886e-05,2.6991860803559922e-05,0.05207585633418937,0.16350162865105425,1.2611343130147661e-05,-9.339859614876378e-14,-9.961725454948889e-13,-3.1692664163805707e-18,0.06033954413184953,99.63707121264761,500.00000000000006,95,0.7739806030098523,0.1,128.27087346212076,deFc,1,0.272571356225773,0.409453841140154,0.0031092147446044,349.540544019572,950.330400338052,369.020998529195
6,0.0010199627101633165,0.0010199627101633165,0.0010199627101633165,0,0,0,3.365885182136917e-05,1.8919855399299888e-05,0.0009989954371926863,0.07618807044802793,0.07732659960234568,0.0016196388736376677,6.7220534694101275e-18,-4.336808689942018e-19,-2.303929616531697e-19,0.1294564690432412,97.94430984959509,500.00000000000006,95,1,0.1,77.24604319819497,ddFc,1,0.283184293825222,0.61167783535938,0.00376986289722275,1822.21079088769,950.348657314128,2401.50309384427,8,0.0012743263261461681,0.0012933694344162711,2.709017886119244e-05,0,0,0,0.0009090179943567777,2.084306193248035e-05,2.699999040255514e-05,0.049513648781220734,0.17247737979465874,1.2224083811317094e-05,-2.6141144370689373e-14,-2.815892050783697e-13,-1.4367134623311027e-18,0.05710376227741338,99.66708060843962,500.00000000000006,95,0.7739806030098523,0.1,135.53933613862597,deFc,1,0.272571356225773,0.409453841140154,0.0031092147446044,349.540544019572,950.330400338052,369.020998529195
6,0.0010199627101633165,0.0010199627101633165,0.0010199627101633165,0,0,0,3.365885182136917e-05,1.8919855399299888e-05,0.0009989954371926863,0.07618807044802793,0.07732659960234568,0.0016196388736376677,6.7220534694101275e-18,-4.336808689942018e-19,-2.303929616531697e-19,0.1294564690432412,97.94430984959509,500.00000000000006,95,1,0.1,77.24604319819497,ddFc,1,0.283184293825222,0.61167783535938,0.00376986289722275,1822.21079088769,950.348657314128,2401.50309384427,9,0.0012743263261461681,0.0012933694344162711,2.709017886119244e-05,0,0,0,0.0009324807270535031,2.207325929901975e-05,2.7004673703871567e-05,0.0478978443594475,0.17812821490021627,1.198059219733388e-05,-8.304609170478594e-15,-1.4956243708785788e-13,-4.172696056411497e-19,0.05523878297001542,99.68436842828172,500.00000000000006,95,0.7739806030098523,0.1,140.11543364921388,deFc,1,0.272571356225773,0.409453841140154,0.0031092147446044,349.540544019572,950.330400338052,369.020998529195
6,0.0010199627101633165,0.0010199627101633165,0.0010199627101633165,0,0,0,3.365885182136917e-05,1.8919855399299888e-05,0.0009989954371926863,0.07618807044802793,0.07732659960234568,0.0016196388736376677,6.7220534694101275e-18,-4.336808689942018e-19,-2.303929616531697e-19,0.1294564690432412,97.94430984959509,500.00000000000006,95,1,0.1,77.24604319819497,ddFc,1,0.283184293825222,0.61167783535938,0.00376986289722275,1822.21079088769,950.348657314128,2401.50309384427,10,0.0012743263261461681,0.0012933694344162711,2.709017886119244e-05,0,0,0,0.0009465927997918175,2.281318393505517e-05,2.70074897865979e-05,0.046872187618075496,0.18171394186212134,1.182612551556318e-05,-3.436920886779049e-15,-5.21024196009634e-14,-2.778532764790122e-19,0.054117250601698585,99.69476364472072,500.00000000000006,95,0.7739806030098523,0.1,143.01920263952937,deFc,1,0.272571356225773,0.409453841140154,0.0031092147446044,349.540544019572,950.330400338052,369.020998529195
6,0.0010199627101633165,0.0010199627101633165,0.0010199627101633165,0,0,0,3.365885182136917e-05,1.8919855399299888e-05,0.0009989954371926863,0.07618807044802793,0.07732659960234568,0.0016196388736376677,6.7220534694101275e-18,-4.336808689942018e-19,-2.303929616531697e-19,0.1294564690432412,97.94430984959509,500.00000000000006,95,1,0.1,77.24604319819497,ddFc,1,0.283184293825222,0.61167783535938,0.00376986289722275,1822.21079088769,950.348657314128,2401.50309384427,11,0.0012743263261461681,0.0012933694344162711,2.709017886119244e-05,0,0,0,0.0009551779397865453,2.3263320287460586e-05,2.7009202859226503e-05,0.046227139334923166,0.18396888349752163,1.1728992173066074e-05,-5.222059763776432e-16,-1.2879888128258798e-14,-3.627683294412558e-20,0.053434987342630684,99.70108723762641,500.00000000000006,95,0.7739806030098523,0.1,144.84528611319925,deFc,1,0.272571356225773,0.409453841140154,0.0031092147446044,349.540544019572,950.330400338052,369.020998529195
6,0.0010199627101633165,0.0010199627101633165,0.0010199627101633165,0,0,0,3.365885182136917e-05,1.8919855399299888e-05,0.0009989954371926863,0.07618807044802793,0.07732659960234568,0.0016196388736376677,6.7220534694101275e-18,-4.336808689942018e-19,-2.303929616531697e-19,0.1294564690432412,97.94430984959509,500.00000000000006,95,1,0.1,77.24604319819497,ddFc,1,0.283184293825222,0.61167783535938,0.00376986289722275,1822.21079088769,950.348657314128,2401.50309384427,12,0.0012743263261461681,0.0012933694344162711,2.709017886119244e-05,0,0,0,0.0009603899649617297,2.353659741540371e-05,2.7010242847151992e-05,0.04582742843877737,0.18536615847156823,1.1668804243586447e-05,-1.3496703754611872e-12,-6.981378279299899e-11,-1.4076165571039374e-17,0.053020792080997525,99.70492622270959,500.00000000000006,95,0.7739806030098523,0.1,145.97680883896948,deFc,1,0.272571356225773,0.409453841140154,0.0031092147446044,349.540544019572,950.330400338052,369.020998529195
6,0.0010199627101633165,0.0010199627101633165,0.0010199627101633165,0,0,0,3.365885182136917e-05,1.8919855399299888e-05,0.0009989954371926863,0.07618807044802793,0.07732659960234568,0.0016196388736376677,6.7220534694101275e-18,-4.336808689942018e-19,-2.303929616531697e-19,0.1294564690432412,97.94430984959509,500.00000000000006,95,1,0.1,77.24604319819497,ddFc,1,0.283184293825222,0.61167783535938,0.00376986289722275,1822.21079088769,950.348657314128,2401.50309384427,13,0.0012743263261461681,0.0012933694344162711,2.709017886119244e-05,0,0,0,0.0009635301794136389,2.370124527205923e-05,2.701086943395448e-05,0.04558357801503516,0.18621858605939687,1.1632085859523638e-05,-1.723323090133122e-14,-8.204966654018486e-13,-5.331145960679761e-19,0.05277123901925215,99.7072391893596,500.00000000000006,95,0.7739806030098523,0.1,146.66712728262576,deFc,1,0.272571356225773,0.409453841140154,0.0031092147446044,349.540544019572,950.330400338052,369.020998529195
6,0.0010199627101633165,0.0010199627101633165,0.0010199627101633165,0,0,0,3.365885182136917e-05,1.8919855399299888e-05,0.0009989954371926863,0.07618807044802793,0.07732659960234568,0.0016196388736376677,6.7220534694101275e-18,-4.336808689942018e-19,-2.303929616531697e-19,0.1294564690432412,97.94430984959509,500.00000000000006,95,1,0.1,77.24604319819497,ddFc,1,0.283184293825222,0.61167783535938,0.00376986289722275,1822.21079088769,950.348657314128,2401.50309384427,14,0.0012743263261461681,0.0012933694344162711,2.709017886119244e-05,0,0,0,0.0009654052233915235,2.3799557659851555e-05,2.7011243572056993e-05,0.04543686927738843,0.18673143526311672,1.1609994851456295e-05,-9.573971389981173e-14,-6.725889159855947e-12,-1.7623843956605803e-18,0.05262223064458256,99.70862027327355,500.00000000000006,95,0.7739806030098523,0.1,147.08243902418707,deFc,1,0.272571356225773,0.409453841140154,0.0031092147446044,349.540544019572,950.330400338052,369.020998529195
7,0.0010199627101633165,0.0010199627101633165,0.0010199627101633165,0,0,0,3.479718036896313e-05,1.7875240094845983e-05,0.0010007759888123711,0.08021972246007134,0.08159763643617438,0.0015623297965093657,3.447762908503904e-17,-2.6020852139652106e-18,-4.641740550953566e-19,0.12280839419317068,98.11888011593354,500.00000000000006,95,1,0.1,81.42765863602584,ddFc,1,0.283184293825222,0.61167783535938,0.00376986289722275,1822.21079088769,950.348657314128,2401.50309384427,5,0.0012735285941149102,0.0012954036741449019,2.4802774283876985e-05,0,0,0,0.0006092789189778518,8.39340273349892e-06,2.4663627949800534e-05,0.06320624662934689,0.12246462697910174,1.324037908830653e-05,-7.360746127199613e-14,-8.441183949742248e-13,-1.878560258332428e-18,0.08129650149901052,99.43898883050795,499.99999999999994,95,0.7735715824103652,0.1,95.15435082034625,deFc,5,0.272571356225773,0.409453841140154,0.0031092147446044,349.540544019572,950.330400338052,369.020998529195
7,0.0010199627101633165,0.0010199627101633165,0.0010199627101633165,0,0,0,3.479718036896313e-05,1.7875240094845983e-05,0.0010007759888123711,0.08021972246007134,0.08159763643617438,0.0015623297965093657,3.447762908503904e-17,-2.6020852139652106e-18,-4.641740550953566e-19,0.12280839419317068,98.11888011593354,500.00000000000006,95,1,0.1,81.42765863602584,ddFc,1,0.283184293825222,0.61167783535938,0.00376986289722275,1822.21079088769,950.348657314128,2401.50309384427,6,0.0012735285941149102,0.0012954036741449019,2.4802774283876985e-05,0,0,0,0.0008087666306472209,1.7864746905316367e-05,2.470191786559104e-05,0.055331402619009554,0.1520951093346481,1.2007280071823342e-05,-1.739280757178524e-12,-1.7414636789905846e-11,-3.066206329501364e-17,0.06497696285393119,99.59336638260056,499.99999999999994,95,0.7735715824103652,0.1,119.0532072342872,deFc,1,0.272571356225773,0.409453841140154,0.0031092147446044,349.540544019572,950.330400338052,369.020998529195
7,0.0010199627101633165,0.0010199627101633165,0.0010199627101633165,0,0,0,3.479718036896313e-05,1.7875240094845983e-05,0.0010007759888123711,0.08021972246007134,0.08159763643617438,0.0015623297965093657,3.447762908503904e-17,-2.6020852139652106e-18,-4.641740550953566e-19,0.12280839419317068,98.11888011593354,500.00000000000006,95,1,0.1,81.42765863602584,ddFc,1,0.283184293825222,0.61167783535938,0.00376986289722275,1822.21079088769,950.348657314128,2401.50309384427,7,0.0012735285941149102,0.0012954036741449019,2.4802774283876985e-05,0,0,0,0.0008776041913673903,2.147510418227288e-05,2.4714590100229773e-05,0.051487026073515914,0.16566494274419755,1.1467697698867768e-05,-3.345912956420616e-14,-3.290568772323921e-13,-1.407874637455054e-18,0.059486027867373774,99.64445838744524,499.99999999999994,95,0.7735715824103652,0.1,130.04256800186266,deFc,1,0.272571356225773,0.409453841140154,0.0031092147446044,349.540544019572,950.330400338052,369.020998529195
7,0.0010199627101633165,0.0010199627101633165,0.0010199627101633165,0,0,0,3.479718036896313e-05,1.7875240094845983e-05,0.0010007759888123711,0.08021972246007134,0.08159763643617438,0.0015623297965093657,3.447762908503904e-17,-2.6020852139652106e-18,-4.641740550953566e-19,0.12280839419317068,98.11888011593354,500.00000000000006,95,1,0.1,81.42765863602584,ddFc,1,0.283184293825222,0.61167783535938,0.00376986289722275,1822.21079088769,950.348657314128,2401.50309384427,8,0.0012735285941149102,0.0012954036741449019,2.4802774283876985e-05,0,0,0,0.000914266490975802,2.3397990561629388e-05,2.472129843724141e-05,0.04912528424796511,0.1739332933490426,1.114095834281838e-05,-8.965430394608509e-15,-8.580332624963383e-14,-6.168120391685417e-19,0.05657269120959297,99.67150510784377,499.99999999999994,95,0.7735715824103652,0.1,136.739399500088,deFc,1,0.272571356225773,0.409453841140154,0.0031092147446044,349.540544019572,950.330400338052,369.020998529195
7,0.0010199627101633165,0.0010199627101633165,0.0010199627101633165,0,0,0,3.479718036896313e-05,1.7875240094845983e-05,0.0010007759888123711,0.08021972246007134,0.08159763643617438,0.0015623297965093657,3.447762908503904e-17,-2.6020852139652106e-18,-4.641740550953566e-19,0.12280839419317068,98.11888011593354,500.00000000000006,95,1,0.1,81.42765863602584,ddFc,1,0.283184293825222,0.61167783535938,0.00376986289722275,1822.21079088769,950.348657314128,2401.50309384427,9,0.0012735285941149102,0.0012954036741449019,2.4802774283876985e-05,0,0,0,0.0009356731099966651,2.4520742557785567e-05,2.4725210599939117e-05,0.047629210555301144,0.17916284798449397,1.0934548075594751e-05,-2.6485432770562145e-15,-4.412876314363601e-14,-1.6702430928670735e-19,0.05487292323994449,99.68727819295486,499.99999999999994,95,0.7735715824103652,0.1,140.9750996912895,deFc,1,0.272571356225773,0.409453841140154,0.0031092147446044,349.540544019572,950.330400338052,369.020998529195
7,0.0010199627101633165,0.0010199627101633165,0.0010199627101633165,0,0,0,3.479718036896313e-05,1.7875240094845983e-05,0.0010007759888123711,0.08021972246007134,0.08159763643617438,0.0015623297965093657,3.447762908503904e-17,-2.6020852139652106e-18,-4.641740550953566e-19,0.12280839419317068,98.11888011593354,500.00000000000006,95,1,0.1,81.42765863602584,ddFc,1,0.283184293825222,0.61167783535938,0.00376986289722275,1822.21079088769,950.348657314128,2401.50309384427,10,0.0012735285941149102,0.0012954036741449019,2.4802774283876985e-05,0,0,0,0.0009485668060429932,2.5197002368354356e-05,2.47275663747054e-05,0.046682370581436615,0.1824714804748401,1.0803988701031924e-05,-9.199455433539505e-16,-9.360784716805348e-15,-1.0180277234812622e-19,0.053849280036900475,99.69677622224513,499.99999999999994,95,0.7735715824103652,0.1,143.65495358160248,deFc,1,0.272571356225773,0.409453841140154,0.0031092147446044,349.540544019572,950.330400338052,369.020998529195
7,0.0010199627101633165,0.0010199627101633165,0.0010199627101633165,0,0,0,3.479718036896313e-05,1.7875240094845983e-05,0.0010007759888123711,0.08021972246007134,0.08159763643617438,0.0015623297965093657,3.447762908503904e-17,-2.6020852139652106e-18,-4.641740550953566e-19,0.12280839419317068,98.11888011593354,500.00000000000006,95,1,0.1,81.42765863602584,ddFc,1,0.283184293825222,0.61167783535938,0.00376986289722275,1822.21079088769,950.348657314128,2401.50309384427,11,0.0012735285941149102,0.0012954036741449019,2.4802774283876985e-05,0,0,0,0.0009563888885992733,2.5607261912921128e-05,2.4728995445087377e-05,0.04609019362150121,0.18454063455899528,1.0722343830939758e-05,-8.4893030105615e-17,-1.1616142076009695e-15,-4.367513634279986e-21,0.05322829968033071,99.70253795827361,499.99999999999994,95,0.7735715824103652,0.1,145.33088358188166,deFc,1,0.272571356225773,0.409453841140154,0.0031092147446044,349.540544019572,950.330400338052,369.020998529195
7,0.0010199627101633165,0.0010199627101633165,0.0010199627101633165,0,0,0,3.479718036896313e-05,1.7875240094845983e-05,0.0010007759888123711,0.08021972246007134,0.08159763643617438,0.0015623297965093657,3.447762908503904e-17,-2.6020852139652106e-18,-4.641740550953566e-19,0.12280839419317068,98.11888011593354,500.00000000000006,95,1,0.1,81.42765863602584,ddFc,1,0.283184293825222,0.61167783535938,0.00376986289722275,1822.21079088769,950.348657314128,2401.50309384427,12,0.0012735285941149102,0.0012954036741449019,2.4802774283876985e-05,0,0,0,0.0009611162830135222,2.5855208423803033e-05,2.4729859113706973e-05,0.04572555325489844,0.18581472152255138,1.0672071412476573e-05,-1.9036402770962468e-13,-1.1068284309911913e-11,-2.3399748389043077e-18,0.05285300425045252,99.70602010349539,499.99999999999994,95,0.7735715824103652,0.1,146.36284036848141,deFc,1,0.272571356225773,0.409453841140154,0.0031092147446044,349.540544019572,950.330400338052,369.020998529195
7,0.0010199627101633165,0.0010199627101633165,0.0010199627101633165,0,0,0,3.479718036896313e-05,1.7875240094845983e-05,0.0010007759888123711,0.08021972246007134,0.08159763643617438,0.0015623297965093657,3.447762908503904e-17,-2.6020852139652106e-18,-4.641740550953566e-19,0.12280839419317068,98.11888011593354,500.00000000000006,95,1,0.1,81.42765863602584,ddFc,1,0.283184293825222,0.61167783535938,0.00376986289722275,1822.21079088769,950.348657314128,2401.50309384427,13,0.0012735285941149102,0.0012954036741449019,2.4802774283876985e-05,0,0,0,0.000963950254626646,2.600384706462852e-05,2.4730376863190898e-05,0.04550446589271257,0.1865872180647657,1.0641590641531976e-05,-1.1158066658134569e-15,-4.937478377542437e-14,-7.363230940702031e-20,0.052628022604123754,99.70810756951029,499.99999999999994,95,0.7735715824103652,0.1,146.98853274980362,deFc,1,0.272571356225773,0.409453841140154,0.0031092147446044,349.540544019572,950.330400338052,369.020998529195
7,0.0010199627101633165,0.0010199627101633165,0.0010199627101633165,0,0,0,3.479718036896313e-05,1.7875240094845983e-05,0.0010007759888123711,0.08021972246007134,0.08159763643617438,0.0015623297965093657,3.447762908503904e-17,-2.6020852139652106e-18,-4.641740550953566e-19,0.12280839419317068,98.11888011593354,500.00000000000006,95,1,0.1,81.42765863602584,ddFc,1,0.283184293825222,0.61167783535938,0.00376986289722275,1822.21079088769,950.348657314128,2401.50309384427,14,0.0012735285941149102,0.0012954036741449019,2.4802774283876985e-05,0,0,0,0.0009656342093476313,2.6092168612797393e-05,2.4730684511172234e-05,0.04537219729371697,0.18704937448884965,1.0623355123647463e-05,-5.07468958348134e-15,-4.1580584461686776e-13,-1.7549463875925035e-19,0.052494338086144836,99.70934794680765,499.99999999999994,95,0.7735715824103652,0.1,147.36286057001237,deFc,1,0.272571356225773,0.409453841140154,0.0031092147446044,349.540544019572,950.330400338052,369.020998529195
8,0.0010199627101633165,0.0010199627101633165,0.0010199627101633165,0,0,0,3.588979634497219e-05,1.6836812001102502e-05,0.0010018055585356055,0.08272579818234076,0.08432748167090333,0.0015263755764722967,2.1250362580715887e-17,-5.421010862427522e-18,-4.0996394647108136e-19,0.11895598899502553,98.21982201439465,500.00000000000006,95,1,0.1,84.06470396726453,ddFc,1,0.283184293825222,0.61167783535938,0.00376986289722275,1822.21079088769,950.348657314128,2401.50309384427,5,0.0012725093081437826,0.0012971468117119397,2.3479098074135632e-05,0,0,0,0.0006422399877573466,1.0448490063165472e-05,2.3353614555790315e-05,0.06210486347377118,0.1267874240635981,1.2364772523364688e-05,-1.2565903179106996e-15,-4.846600551444702e-15,-1.2043749718772083e-19,0.07848142256040234,99.46555222032337,500.0,95,0.7733325858761667,0.1,98.5370245144295,deFc,1,0.272571356225773,0.409453841140154,0.0031092147446044,349.540544019572,950.330400338052,369.020998529195
8,0.0010199627101633165,0.0010199627101633165,0.0010199627101633165,0,0,0,3.588979634497219e-05,1.6836812001102502e-05,0.0010018055585356055,0.08272579818234076,0.08432748167090333,0.0015263755764722967,2.1250362580715887e-17,-5.421010862427522e-18,-4.0996394647108136e-19,0.11895598899502553,98.21982201439465,500.00000000000006,95,1,0.1,84.06470396726453,ddFc,1,0.283184293825222,0.61167783535938,0.00376986289722275,1822.21079088769,950.348657314128,2401.50309384427,6,0.0012725093081437826,0.0012971468117119397,2.3479098074135632e-05,0,0,0,0.0008175697924681568,1.9644690139685163e-05,2.338529893759314e-05,0.054817529912354994,0.15393147660917125,1.1302242997699912e-05,-1.3302616386906552e-12,-1.295361084022173e-11,-2.3874894167783337e-17,0.06418011792349104,99.600499404848,500.0,95,0.7733325858761667,0.1,120.49410485628191,deFc,1,0.272571356225773,0.409453841140154,0.0031092147446044,349.540544019572,950.330400338052,369.020998529195
8,0.0010199627101633165,0.0010199627101633165,0.0010199627101633165,0,0,0,3.588979634497219e-05,1.6836812001102502e-05,0.0010018055585356055,0.08272579818234076,0.08432748167090333,0.0015263755764722967,2.1250362580715887e-17,-5.421010862427522e-18,-4.0996394647108136e-19,0.11895598899502553,98.21982201439465,500.00000000000006,95,1,0.1,84.06470396726453,ddFc,1,0.283184293825222,0.61167783535938,0.00376986289722275,1822.21079088769,950.348657314128,2401.50309384427,7,0.0012725093081437826,0.0012971468117119397,2.3479098074135632e-05,0,0,0,0.0008816703985201522,2.3007236453074035e-05,2.3396468732210538e-05,0.05116753099077436,0.16680677027300442,1.0817601086747472e-05,-1.948354672043351e-14,-1.8004890113554328e-13,-9.175484401132208e-19,0.059070363335343115,99.64807275959157,500.0,95,0.7733325858761667,0.1,130.9171879451543,deFc,1,0.272571356225773,0.409453841140154,0.0031092147446044,349.540544019572,950.330400338052,369.020998529195
8,0.0010199627101633165,0.0010199627101633165,0.0010199627101633165,0,0,0,3.588979634497219e-05,1.6836812001102502e-05,0.0010018055585356055,0.08272579818234076,0.08432748167090333,0.0015263755764722967,2.1250362580715887e-17,-5.421010862427522e-18,-4.0996394647108136e-19,0.11895598899502553,98.21982201439465,500.00000000000006,95,1,0.1,84.06470396726453,ddFc,1,0.283184293825222,0.61167783535938,0.00376986289722275,1822.21079088769,950.348657314128,2401.50309384427,8,0.0012725093081437826,0.0012971468117119397,2.3479098074135632e-05,0,0,0,0.0009164571811670605,2.483209280323756e-05,2.340249567930278e-05,0.04890068450499144,0.1747414379762362,1.0520677333966935e-05,-5.9658766642101124e-15,-5.292446168814191e-14,-4.410196153887722e-19,0.05630733288395548,99.67374217446097,500.0,95,0.7733325858761667,0.1,137.34136324125632,deFc,1,0.272571356225773,0.409453841140154,0.0031092147446044,349.540544019572,950.330400338052,369.020998529195
8,0.0010199627101633165,0.0010199627101633165,0.0010199627101633165,0,0,0,3.588979634497219e-05,1.6836812001102502e-05,0.0010018055585356055,0.08272579818234076,0.08432748167090333,0.0015263755764722967,2.1250362580715887e-17,-5.421010862427522e-18,-4.0996394647108136e-19,0.11895598899502553,98.21982201439465,500.00000000000006,95,1,0.1,84.06470396726453,ddFc,1,0.283184293825222,0.61167783535938,0.00376986289722275,1822.21079088769,950.348657314128,2401.50309384427,9,0.0012725093081437826,0.0012971468117119397,2.3479098074135632e-05,0,0,0,0.0009368526683727149,2.5902010031185813e-05,2.340602514632652e-05,0.047464084979632684,0.17976248388540086,1.03329987978055e-05,-1.4021444595668786e-15,-2.1322136764534427e-14,-1.055945682760693e-19,0.05468855394841231,99.6887745535268,500.0,95,0.7733325858761667,0.1,141.4066619142373,deFc,1,0.272571356225773,0.409453841140154,0.0031092147446044,349.540544019572,950.330400338052,369.020998529195
8,0.0010199627101633165,0.0010199627101633165,0.0010199627101633165,0,0,0,3.588979634497219e-05,1.6836812001102502e-05,0.0010018055585356055,0.08272579818234076,0.08432748167090333,0.0015263755764722967,2.1250362580715887e-17,-5.421010862427522e-18,-4.0996394647108136e-19,0.11895598899502553,98.21982201439465,500.00000000000006,95,1,0.1,84.06470396726453,ddFc,1,0.283184293825222,0.61167783535938,0.00376986289722275,1822.21079088769,950.348657314128,2401.50309384427,10,0.0012725093081437826,0.0012971468117119397,2.3479098074135632e-05,0,0,0,0.0009491338411761488,2.654626281021105e-05,2.3408149884101783e-05,0.04655713284145649,0.18293137416525287,1.02145791677972e-05,-4.417581751792188e-16,-2.9694129100032995e-15,-5.4183638844673525e-20,0.05371395762944312,99.69782403987654,500.0,95,0.7733325858761667,0.1,143.972371429259,deFc,1,0.272571356225773,0.409453841140154,0.0031092147446044,349.540544019572,950.330400338052,369.020998529195
8,0.0010199627101633165,0.0010199627101633165,0.0010199627101633165,0,0,0,3.588979634497219e-05,1.6836812001102502e-05,0.0010018055585356055,0.08272579818234076,0.08432748167090333,0.0015263755764722967,2.1250362580715887e-17,-5.421010862427522e-18,-4.0996394647108136e-19,0.11895598899502553,98.21982201439465,500.00000000000006,95,1,0.1,84.06470396726453,ddFc,1,0.283184293825222,0.61167783535938,0.00376986289722275,1822.21079088769,950.348657314128,2401.50309384427,11,0.0012725093081437826,0.0012971468117119397,2.3479098074135632e-05,0,0,0,0.000956568513249345,2.693627516350884e-05,2.34094360668797e-05,0.04599190151274191,0.184906155967948,1.0140786592516116e-05,-3.08455518072126e-17,-2.222614453595284e-16,-7.543887186483612e-22,0.05312398571557814,99.70330203044439,500.0,95,0.7733325858761667,0.1,145.57126605984192,deFc,1,0.272571356225773,0.409453841140154,0.0031092147446044,349.540544019572,950.330400338052,369.020998529195
8,0.0010199627101633165,0.0010199627101633165,0.0010199627101633165,0,0,0,3.588979634497219e-05,1.6836812001102502e-05,0.0010018055585356055,0.08272579818234076,0.08432748167090333,0.0015263755764722967,2.1250362580715887e-17,-5.421010862427522e-18,-4.0996394647108136e-19,0.11895598899502553,98.21982201439465,500.00000000000006,95,1,0.1,84.06470396726453,ddFc,1,0.283184293825222,0.61167783535938,0.00376986289722275,1822.21079088769,950.348657314128,2401.50309384427,12,0.0012725093081437826,0.0012971468117119397,2.3479098074135632e-05,0,0,0,0.0009610488892096415,2.7171309419000307e-05,2.3410211152288303e-05,0.045645168682314045,0.18611753753183377,1.0095520894220602e-05,-5.3726012354260444e-14,-3.3718184494491155e-12,-7.958734807291207e-19,0.052768452429767354,99.70660320243215,500.0,95,0.7733325858761667,0.1,146.55206856889362,deFc,1,0.272571356225773,0.409453841140154,0.0031092147446044,349.540544019572,950.330400338052,369.020998529195
8,0.0010199627101633165,0.0010199627101633165,0.0010199627101633165,0,0,0,3.588979634497219e-05,1.6836812001102502e-05,0.0010018055585356055,0.08272579818234076,0.08432748167090333,0.0015263755764722967,2.1250362580715887e-17,-5.421010862427522e-18,-4.0996394647108136e-19,0.11895598899502553,98.21982201439465,500.00000000000006,95,1,0.1,84.06470396726453,ddFc,1,0.283184293825222,0.61167783535938,0.00376986289722275,1822.21079088769,950.348657314128,2401.50309384427,13,0.0012725093081437826,0.0012971468117119397,2.3479098074135632e-05,0,0,0,0.0009637266025545588,2.7311778382605678e-05,2.3410674383580532e-05,0.04543570259549723,0.18684934705129985,1.0068175445945862e-05,-2.34594245071551e-16,-7.522628353573424e-15,-2.4504398466270892e-20,0.05255596690410876,99.70857615424983,500.0,95,0.7733325858761667,0.1,147.14458346607043,deFc,1,0.272571356225773,0.409453841140154,0.0031092147446044,349.540544019572,950.330400338052,369.020998529195
8,0.0010199627101633165,0.0010199627101633165,0.0010199627101633165,0,0,0,3.588979634497219e-05,1.6836812001102502e-05,0.0010018055585356055,0.08272579818234076,0.08432748167090333,0.0015263755764722967,2.1250362580715887e-17,-5.421010862427522e-18,-4.0996394647108136e-19,0.11895598899502553,98.21982201439465,500.00000000000006,95,1,0.1,84.06470396726453,ddFc,1,0.283184293825222,0.61167783535938,0.00376986289722275,1822.21079088769,950.348657314128,2401.50309384427,14,0.0012725093081437826,0.0012971468117119397,2.3479098074135632e-05,0,0,0,0.0009653130456501991,2.7395000941116754e-05,2.3410948830195997e-05,0.045310800868640255,0.1872857145370568,1.0051869760003608e-05,-1.3378729547819379e-14,-1.3147267562824139e-12,-3.763208565973246e-19,0.052430077488092836,99.70974505185653,500.0,95,0.7733325858761667,0.1,147.4978910820406,deFc,1,0.272571356225773,0.409453841140154,0.0031092147446044,349.540544019572,950.330400338052,369.020998529195
9,0.0010199627101633165,0.0010199627101633165,0.0010199627101633165,0,0,0,3.6939263208477474e-05,1.581892261220841e-05,0.0010024055276254237,0.08423279292274817,0.08604254149122442,0.001504430566333409,1.7564075194265172e-17,-1.734723475976807e-18,-5.014435047745458e-19,0.116703176143806,98.27864466387388,500.00000000000006,95,1,0.1,85.68747081636944,ddFc,1,0.283184293825222,0.61167783535938,0.00376986289722275,1822.21079088769,950.348657314128,2401.50309384427,5,0.0012713850930503698,0.0012987009076196453,2.2707434114404978e-05,0,0,0,0.0006708833345780879,1.2718365533959876e-05,2.2591283654378527e-05,0.06105729923419847,0.13075502240293052,1.1809846172746956e-05,-5.29849601693666e-16,-6.466181756703548e-16,-6.50230135915684e-20,0.07604373768279758,99.48849148062587,499.99999999999994,95,0.7731909492475669,0.1,101.67713644913013,deFc,1,0.272571356225773,0.409453841140154,0.0031092147446044,349.540544019572,950.330400338052,369.020998529195
9,0.0010199627101633165,0.0010199627101633165,0.0010199627101633165,0,0,0,3.6939263208477474e-05,1.581892261220841e-05,0.0010024055276254237,0.08423279292274817,0.08604254149122442,0.001504430566333409,1.7564075194265172e-17,-1.734723475976807e-18,-5.014435047745458e-19,0.116703176143806,98.27864466387388,500.00000000000006,95,1,0.1,85.68747081636944,ddFc,1,0.283184293825222,0.61167783535938,0.00376986289722275,1822.21079088769,950.348657314128,2401.50309384427,6,0.0012713850930503698,0.0012987009076196453,2.2707434114404978e-05,0,0,0,0.0008216011093162012,2.062462599364108e-05,2.261753765458028e-05,0.05452598238959542,0.15493740954168936,1.0897881983298157e-05,-9.829587773076132e-13,-9.438168779504763e-12,-1.8134472474902138e-17,0.06378040176110492,99.6041100048038,499.99999999999994,95,0.7731909492475669,0.1,121.22704277461614,deFc,1,0.272571356225773,0.409453841140154,0.0031092147446044,349.540544019572,950.330400338052,369.020998529195
9,0.0010199627101633165,0.0010199627101633165,0.0010199627101633165,0,0,0,3.6939263208477474e-05,1.581892261220841e-05,0.0010024055276254237,0.08423279292274817,0.08604254149122442,0.001504430566333409,1.7564075194265172e-17,-1.734723475976807e-18,-5.014435047745458e-19,0.116703176143806,98.27864466387388,500.00000000000006,95,1,0.1,85.68747081636944,ddFc,1,0.283184293825222,0.61167783535938,0.00376986289722275,1822.21079088769,950.348657314128,2401.50309384427,7,0.0012713850930503698,0.0012987009076196453,2.2707434114404978e-05,0,0,0,0.0008833972290823301,2.3866636251809784e-05,2.262795475253851e-05,0.05097055002206542,0.16747689821909656,1.0441323468614904e-05,-1.466069019656624e-14,-1.3042670242435772e-13,-7.389700720303728e-19,0.05885530070261718,99.64998528030057,499.99999999999994,95,0.7731909492475669,0.1,131.3715060525015,deFc,1,0.272571356225773,0.409453841140154,0.0031092147446044,349.540544019572,950.330400338052,369.020998529195
9,0.0010199627101633165,0.0010199627101633165,0.0010199627101633165,0,0,0,3.6939263208477474e-05,1.581892261220841e-05,0.0010024055276254237,0.08423279292274817,0.08604254149122442,0.001504430566333409,1.7564075194265172e-17,-1.734723475976807e-18,-5.014435047745458e-19,0.116703176143806,98.27864466387388,500.00000000000006,95,1,0.1,85.68747081636944,ddFc,1,0.283184293825222,0.61167783535938,0.00376986289722275,1822.21079088769,950.348657314128,2401.50309384427,8,0.0012713850930503698,0.0012987009076196453,2.2707434114404978e-05,0,0,0,0.0009172094079258313,2.5640556716277433e-05,2.263362264827853e-05,0.04875300885554036,0.1752393661380552,1.0160299571093132e-05,-4.878692935750273e-15,-4.1425847127629645e-14,-3.72270980318265e-19,0.056169955581235435,99.67494580957685,499.99999999999994,95,0.7731909492475669,0.1,137.6520492577824,deFc,1,0.272571356225773,0.409453841140154,0.0031092147446044,349.540544019572,950.330400338052,369.020998529195
9,0.0010199627101633165,0.0010199627101633165,0.0010199627101633165,0,0,0,3.6939263208477474e-05,1.581892261220841e-05,0.0010024055276254237,0.08423279292274817,0.08604254149122442,0.001504430566333409,1.7564075194265172e-17,-1.734723475976807e-18,-5.014435047745458e-19,0.116703176143806,98.27864466387388,500.00000000000006,95,1,0.1,85.68747081636944,ddFc,1,0.283184293825222,0.61167783535938,0.00376986289722275,1822.21079088769,950.348657314128,2401.50309384427,9,0.0012713850930503698,0.0012987009076196453,2.2707434114404978e-05,0,0,0,0.0009370659217337235,2.668231169093354e-05,2.263694734768384e-05,0.04734807893250875,0.18015011417714583,9.982714964439529e-06,-1.0123737785583398e-15,-1.4482989460495865e-14,-8.095782091178992e-20,0.05459409615994188,99.68958726747368,499.99999999999994,95,0.7731909492475669,0.1,141.62537776655995,deFc,1,0.272571356225773,0.409453841140154,0.0031092147446044,349.540544019572,950.330400338052,369.020998529195
9,0.0010199627101633165,0.0010199627101633165,0.0010199627101633165,0,0,0,3.6939263208477474e-05,1.581892261220841e-05,0.0010024055276254237,0.08423279292274817,0.08604254149122442,0.001504430566333409,1.7564075194265172e-17,-1.734723475976807e-18,-5.014435047745458e-19,0.116703176143806,98.27864466387388,500.00000000000006,95,1,0.1,85.68747081636944,ddFc,1,0.283184293825222,0.61167783535938,0.00376986289722275,1822.21079088769,950.348657314128,2401.50309384427,10,0.0012713850930503698,0.0012987009076196453,2.2707434114404978e-05,0,0,0,0.0009490162136376034,2.730927400983624e-05,2.2638947760885325e-05,0.046462632716410095,0.18324412275388896,9.870854455507192e-06,-2.9983611080086625e-16,-1.472129709800818e-15,-3.918850870031224e-20,0.0536458408206597,99.69839677537055,499.99999999999994,95,0.7731909492475669,0.1,144.1287781903497,deFc,1,0.272571356225773,0.409453841140154,0.0031092147446044,349.540544019572,950.330400338052,369.020998529195
9,0.0010199627101633165,0.0010199627101633165,0.0010199627101633165,0,0,0,3.6939263208477474e-05,1.581892261220841e-05,0.0010024055276254237,0.08423279292274817,0.08604254149122442,0.001504430566333409,1.7564075194265172e-17,-1.734723475976807e-18,-5.014435047745458e-19,0.116703176143806,98.27864466387388,500.00000000000006,95,1,0.1,85.68747081636944,ddFc,1,0.283184293825222,0.61167783535938,0.00376986289722275,1822.21079088769,950.348657314128,2401.50309384427,11,0.0012713850930503698,0.0012987009076196453,2.2707434114404978e-05,0,0,0,0.0009562399665706864,2.7688262385015197e-05,2.2640156909458354e-05,0.045912033825337484,0.1851679453599487,9.80130438216544e-06,-1.8323016715005025e-17,-7.589415207398531e-17,-1.2176098616780567e-21,0.053072656380366325,99.70372167719319,499.99999999999994,95,0.7731909492475669,0.1,145.68536831964582,deFc,1,0.272571356225773,0.409453841140154,0.0031092147446044,349.540544019572,950.330400338052,369.020998529195
9,0.0010199627101633165,0.0010199627101633165,0.0010199627101633165,0,0,0,3.6939263208477474e-05,1.581892261220841e-05,0.0010024055276254237,0.08423279292274817,0.08604254149122442,0.001504430566333409,1.7564075194265172e-17,-1.734723475976807e-18,-5.014435047745458e-19,0.116703176143806,98.27864466387388,500.00000000000006,95,1,0.1,85.68747081636944,ddFc,1,0.283184293825222,0.61167783535938,0.00376986289722275,1822.21079088769,950.348657314128,2401.50309384427,12,0.0012713850930503698,0.0012987009076196453,2.2707434114404978e-05,0,0,0,0.0009605851840084386,2.791623092903214e-05,2.2640884224506298e-05,0.04557507025565529,0.1863452959022213,9.75874129653581e-06,-2.6766403763561764e-14,-1.7519670610088856e-12,-4.509722525190103e-19,0.0527278785039581,99.70692465928389,499.99999999999994,95,0.7731909492475669,0.1,146.6379780839326,deFc,1,0.272571356225773,0.409453841140154,0.0031092147446044,349.540544019572,950.330400338052,369.020998529195
9,0.0010199627101633165,0.0010199627101633165,0.0010199627101633165,0,0,0,3.6939263208477474e-05,1.581892261220841e-05,0.0010024055276254237,0.08423279292274817,0.08604254149122442,0.001504430566333409,1.7564075194265172e-17,-1.734723475976807e-18,-5.014435047745458e-19,0.116703176143806,98.27864466387388,500.00000000000006,95,1,0.1,85.68747081636944,ddFc,1,0.283184293825222,0.61167783535938,0.00376986289722275,1822.21079088769,950.348657314128,2401.50309384427,13,0.0012713850930503698,0.0012987009076196453,2.2707434114404978e-05,0,0,0,0.0009631770941787011,2.8052213208136403e-05,2.2641318064584093e-05,0.04537196565183157,0.18705494059064953,9.733086592463104e-06,-1.0625181290357943e-16,-2.471764112832453e-15,-1.8363409598677214e-20,0.05252221978700298,99.70883522335558,499.99999999999994,95,0.7731909492475669,0.1,147.21216132584306,deFc,1,0.272571356225773,0.409453841140154,0.0031092147446044,349.540544019572,950.330400338052,369.020998529195
9,0.0010199627101633165,0.0010199627101633165,0.0010199627101633165,0,0,0,3.6939263208477474e-05,1.581892261220841e-05,0.0010024055276254237,0.08423279292274817,0.08604254149122442,0.001504430566333409,1.7564075194265172e-17,-1.734723475976807e-18,-5.014435047745458e-19,0.116703176143806,98.27864466387388,500.00000000000006,95,1,0.1,85.68747081636944,ddFc,1,0.283184293825222,0.61167783535938,0.00376986289722275,1822.21079088769,950.348657314128,2401.50309384427,14,0.0012713850930503698,0.0012987009076196453,2.2707434114404978e-05,0,0,0,0.0009647098348245136,2.8132627214925096e-05,2.264157461812733e-05,0.04525110836978705,0.18747721388083266,9.717820799836444e-06,-5.336334672756404e-15,-5.442848862585725e-13,-1.7496524316721641e-19,0.052400602452877476,99.70996504516611,499.99999999999994,95,0.7731909492475669,0.1,147.55382821082597,deFc,1,0.272571356225773,0.409453841140154,0.0031092147446044,349.540544019572,950.330400338052,369.020998529195
10,0.0010199627101633165,0.0010199627101633165,0.0010199627101633165,0,0,0,3.794366860332013e-05,1.4832832595351533e-05,0.00100275352277476,0.08510511987197587,0.08710798375295793,0.0014914068807414767,-5.548946718780812e-16,-3.0227556568895864e-16,-1.866860615748478e-18,0.1153889499289594,98.31276308270122,500.00000000000006,95,1,0.1,86.66341106454838,ddFc,1,0.283184293825222,0.61167783535938,0.00376986289722275,1822.21079088769,950.348657314128,2401.50309384427,5,0.001270224739843237,0.0013001182087201853,2.225978789454789e-05,0,0,0,0.0006809767709484684,1.369308444035418e-05,2.2147798241144313e-05,0.060619633014956785,0.13234261813640738,1.1521077796032205e-05,-9.23198149871407e-16,-2.4041098972693575e-15,-9.109574649923983e-20,0.0751491604573076,99.49689703273854,499.99999999999994,95,0.773106530488255,0.1,102.87626977914921,deFc,1,0.272571356225773,0.409453841140154,0.0031092147446044,349.540544019572,950.330400338052,369.020998529195
10,0.0010199627101633165,0.0010199627101633165,0.0010199627101633165,0,0,0,3.794366860332013e-05,1.4832832595351533e-05,0.00100275352277476,0.08510511987197587,0.08710798375295793,0.0014914068807414767,-5.548946718780812e-16,-3.0227556568895864e-16,-1.866860615748478e-18,0.1153889499289594,98.31276308270122,500.00000000000006,95,1,0.1,86.66341106454838,ddFc,1,0.283184293825222,0.61167783535938,0.00376986289722275,1822.21079088769,950.348657314128,2401.50309384427,6,0.001270224739843237,0.0013001182087201853,2.225978789454789e-05,0,0,0,0.0008233303550998057,2.1161089718437614e-05,2.217208686576684e-05,0.05434498367475862,0.15552870323915044,1.0664960513394197e-05,-8.349028933485325e-13,-7.953675044969355e-12,-1.561542295954745e-17,0.06357476711857984,99.60601139060029,499.99999999999994,95,0.773106530488255,0.1,121.60587691123655,deFc,1,0.272571356225773,0.409453841140154,0.0031092147446044,349.540544019572,950.330400338052,369.020998529195
10,0.0010199627101633165,0.0010199627101633165,0.0010199627101633165,0,0,0,3.794366860332013e-05,1.4832832595351533e-05,0.00100275352277476,0.08510511987197587,0.08710798375295793,0.0014914068807414767,-5.548946718780812e-16,-3.0227556568895864e-16,-1.866860615748478e-18,0.1153889499289594,98.31276308270122,500.00000000000006,95,1,0.1,86.66341106454838,ddFc,1,0.283184293825222,0.61167783535938,0.00376986289722275,1822.21079088769,950.348657314128,2401.50309384427,7,0.001270224739843237,0.0013001182087201853,2.225978789454789e-05,0,0,0,0.00088393003845388,2.434052844193322e-05,2.218210516091841e-05,0.05083806460457105,0.1678978973897569,1.0223385970803187e-05,-1.3667561006569517e-14,-1.2150133330002255e-13,-6.829467835033813e-19,0.058744753301237455,99.65101763773541,499.99999999999994,95,0.773106530488255,0.1,131.60435392822893,deFc,1,0.272571356225773,0.409453841140154,0.0031092147446044,349.540544019572,950.330400338052,369.020998529195
10,0.0010199627101633165,0.0010199627101633165,0.0010199627101633165,0,0,0,3.794366860332013e-05,1.4832832595351533e-05,0.00100275352277476,0.08510511987197587,0.08710798375295793,0.0014914068807414767,-5.548946718780812e-16,-3.0227556568895864e-16,-1.866860615748478e-18,0.1153889499289594,98.31276308270122,500.00000000000006,95,1,0.1,86.66341106454838,ddFc,1,0.283184293825222,0.61167783535938,0.00376986289722275,1822.21079088769,950.348657314128,2401.50309384427,8,0.001270224739843237,0.0013001182087201853,2.225978789454789e-05,0,0,0,0.000917217915041052,2.6087049232649244e-05,2.218757787480331e-05,0.048646711049975394,0.17557004944686555,9.951025641953594e-06,-4.5053479176548894e-15,-3.7640463662613755e-14,-3.3936904427335577e-19,0.05610078783859241,99.67560328927362,499.99999999999994,95,0.773106530488255,0.1,137.80671542662822,deFc,1,0.272571356225773,0.409453841140154,0.0031092147446044,349.540544019572,950.330400338052,369.020998529195
10,0.0010199627101633165,0.0010199627101633165,0.0010199627101633165,0,0,0,3.794366860332013e-05,1.4832832595351533e-05,0.00100275352277476,0.08510511987197587,0.08710798375295793,0.0014914068807414767,-5.548946718780812e-16,-3.0227556568895864e-16,-1.866860615748478e-18,0.1153889499289594,98.31276308270122,500.00000000000006,95,1,0.1,86.66341106454838,ddFc,1,0.283184293825222,0.61167783535938,0.00376986289722275,1822.21079088769,950.348657314128,2401.50309384427,9,0.001270224739843237,0.0013001182087201853,2.225978789454789e-05,0,0,0,0.0009367791853005218,2.7113377534036127e-05,2.2190790191475064e-05,0.04725892779345402,0.1804217887408779,9.778980175333824e-06,-8.81835836991085e-16,-1.2303526253365504e-14,-7.324849760279571e-20,0.05454819815354333,99.690034319286,499.99999999999994,95,0.773106530488255,0.1,141.7290683575101,deFc,1,0.272571356225773,0.409453841140154,0.0031092147446044,349.540544019572,950.330400338052,369.020998529195
10,0.0010199627101633165,0.0010199627101633165,0.0010199627101633165,0,0,0,3.794366860332013e-05,1.4832832595351533e-05,0.00100275352277476,0.08510511987197587,0.08710798375295793,0.0014914068807414767,-5.548946718780812e-16,-3.0227556568895864e-16,-1.866860615748478e-18,0.1153889499289594,98.31276308270122,500.00000000000006,95,1,0.1,86.66341106454838,ddFc,1,0.283184293825222,0.61167783535938,0.00376986289722275,1822.21079088769,950.348657314128,2401.50309384427,10,0.001270224739843237,0.0013001182087201853,2.225978789454789e-05,0,0,0,0.0009485459209018385,2.773074749651493e-05,2.2192722024817688e-05,0.046385289868124444,0.1834751240621194,9.670732496250191e-06,-2.511554332562671e-16,-1.0306425851647205e-15,-2.8613831749434333e-20,0.05361441016120375,99.69871289857785,499.99999999999994,95,0.773106530488255,0.1,144.1975260314786,deFc,1,0.272571356225773,0.409453841140154,0.0031092147446044,349.540544019572,950.330400338052,369.020998529195
10,0.0010199627101633165,0.0010199627101633165,0.0010199627101633165,0,0,0,3.794366860332013e-05,1.4832832595351533e-05,0.00100275352277476,0.08510511987197587,0.08710798375295793,0.0014914068807414767,-5.548946718780812e-16,-3.0227556568895864e-16,-1.866860615748478e-18,0.1153889499289594,98.31276308270122,500.00000000000006,95,1,0.1,86.66341106454838,ddFc,1,0.283184293825222,0.61167783535938,0.00376986289722275,1822.21079088769,950.348657314128,2401.50309384427,11,0.001270224739843237,0.0013001182087201853,2.225978789454789e-05,0,0,0,0.0009556515027983489,2.8103558979940726e-05,2.2193888536152033e-05,0.04584281508548134,0.18537092640765054,9.60352549241858e-06,-1.428436362249652e-17,-4.119968255444917e-17,-8.999725064576941e-22,0.05305054312715394,99.70395334084921,499.99999999999994,95,0.773106530488255,0.1,145.73018199554303,deFc,1,0.272571356225773,0.409453841140154,0.0031092147446044,349.540544019572,950.330400338052,369.020998529195
10,0.0010199627101633165,0.0010199627101633165,0.0010199627101633165,0,0,0,3.794366860332013e-05,1.4832832595351533e-05,0.00100275352277476,0.08510511987197587,0.08710798375295793,0.0014914068807414767,-5.548946718780812e-16,-3.0227556568895864e-16,-1.866860615748478e-18,0.1153889499289594,98.31276308270122,500.00000000000006,95,1,0.1,86.66341106454838,ddFc,1,0.283184293825222,0.61167783535938,0.00376986289722275,1822.21079088769,950.348657314128,2401.50309384427,12,0.001270224739843237,0.0013001182087201853,2.225978789454789e-05,0,0,0,0.0009599203683903096,2.832753563357398e-05,2.219458933935549e-05,0.045511325892692384,0.18652937304228925,9.562458559603657e-06,-1.8675572156443e-14,-1.2531525296621826e-12,-3.2887377666128296e-19,0.05271178796100659,99.7071016332174,499.99999999999994,95,0.773106530488255,0.1,146.66672491932138,deFc,1,0.272571356225773,0.409453841140154,0.0031092147446044,349.540544019572,950.330400338052,369.020998529195
10,0.0010199627101633165,0.0010199627101633165,0.0010199627101633165,0,0,0,3.794366860332013e-05,1.4832832595351533e-05,0.00100275352277476,0.08510511987197587,0.08710798375295793,0.0014914068807414767,-5.548946718780812e-16,-3.0227556568895864e-16,-1.866860615748478e-18,0.1153889499289594,98.31276308270122,500.00000000000006,95,1,0.1,86.66341106454838,ddFc,1,0.283184293825222,0.61167783535938,0.00376986289722275,1822.21079088769,950.348657314128,2401.50309384427,13,0.001270224739843237,0.0013001182087201853,2.225978789454789e-05,0,0,0,0.0009624634114237974,2.8460962205389223e-05,2.219500681708749e-05,0.045311814371358575,0.18722659864341978,9.537741969904955e-06,-1.5417940090866472e-12,-1.7043601404330422e-10,-1.9423815439300793e-17,0.05250999053460977,99.70897711259742,499.99999999999994,95,0.773106530488255,0.1,147.2303694244039,deFc,1,0.272571356225773,0.409453841140154,0.0031092147446044,349.540544019572,950.330400338052,369.020998529195
10,0.0010199627101633165,0.0010199627101633165,0.0010199627101633165,0,0,0,3.794366860332013e-05,1.4832832595351533e-05,0.00100275352277476,0.08510511987197587,0.08710798375295793,0.0014914068807414767,-5.548946718780812e-16,-3.0227556568895864e-16,-1.866860615748478e-18,0.1153889499289594,98.31276308270122,500.00000000000006,95,1,0.1,86.66341106454838,ddFc,1,0.283184293825222,0.61167783535938,0.00376986289722275,1822.21079088769,950.348657314128,2401.50309384427,14,0.001270224739843237,0.0013001182087201853,2.225978789454789e-05,0,0,0,0.0009639654437093996,2.8539769951791356e-05,2.2195253401495798e-05,0.04519325849837693,0.1876409102650783,9.523054690420319e-06,-3.3865596958670974e-15,-3.471762807794043e-13,-1.5167183711772315e-19,0.05239079228502543,99.71008486982079,499.99999999999994,95,0.773106530488255,0.1,147.56534436094557,deFc,1,0.272571356225773,0.409453841140154,0.0031092147446044,349.540544019572,950.330400338052,369.020998529195
11,0.0010199627101633165,0.0010199627101633165,0.0010199627101633165,0,0,0,3.890015409925216e-05,1.3886892290997722e-05,0.0010029538796015897,0.08558882399288872,0.08777100457776782,0.0014838664428422597,4.336808689942018e-19,-1.0842021724855044e-18,-1.7279472123987727e-19,0.11462507723503446,98.33240662700274,500.00000000000006,95,1,0.1,87.24094448804925,ddFc,1,0.283184293825222,0.61167783535938,0.00376986289722275,1822.21079088769,950.348657314128,2401.50309384427,5,0.0012690708826475347,0.0013014272314294606,2.200207466929732e-05,0,0,0,0.0006853078120167508,1.4176589503318813e-05,2.18922427162055e-05,0.060383600697933235,0.13315132914517844,1.1360857054890314e-05,-1.3374717999781183e-15,-4.654046245611276e-15,-1.193125315546487e-19,0.0747357559318821,99.50081092468481,500.0,95,0.773055760303453,0.1,103.4385416544197,deFc,1,0.272571356225773,0.409453841140154,0.0031092147446044,349.540544019572,950.330400338052,369.020998529195
11,0.0010199627101633165,0.0010199627101633165,0.0010199627101633165,0,0,0,3.890015409925216e-05,1.3886892290997722e-05,0.0010029538796015897,0.08558882399288872,0.08777100457776782,0.0014838664428422597,4.336808689942018e-19,-1.0842021724855044e-18,-1.7279472123987727e-19,0.11462507723503446,98.33240662700274,500.00000000000006,95,1,0.1,87.24094448804925,ddFc,1,0.283184293825222,0.61167783535938,0.00376986289722275,1822.21079088769,950.348657314128,2401.50309384427,6,0.0012690708826475347,0.0013014272314294606,2.200207466929732e-05,0,0,0,0.0008238601668501129,2.144545313247486e-05,2.1915608280702276e-05,0.054224267065348754,0.15589488680550037,1.0531140359997713e-05,-7.735897968215444e-13,-7.337630720041788e-12,-1.4575531198115187e-17,0.06347208137545282,99.60700802131309,500.0,95,0.773055760303453,0.1,121.79461324588362,deFc,1,0.272571356225773,0.409453841140154,0.0031092147446044,349.540544019572,950.330400338052,369.020998529195
11,0.0010199627101633165,0.0010199627101633165,0.0010199627101633165,0,0,0,3.890015409925216e-05,1.3886892290997722e-05,0.0010029538796015897,0.08558882399288872,0.08777100457776782,0.0014838664428422597,4.336808689942018e-19,-1.0842021724855044e-18,-1.7279472123987727e-19,0.11462507723503446,98.33240662700274,500.00000000000006,95,1,0.1,87.24094448804925,ddFc,1,0.283184293825222,0.61167783535938,0.00376986289722275,1822.21079088769,950.348657314128,2401.50309384427,7,0.0012690708826475347,0.0013014272314294606,2.200207466929732e-05,0,0,0,0.0008838310282857919,2.4592009804345217e-05,2.192541273702838e-05,0.050742100140405456,0.1681791225648399,1.0097572719878506e-05,-1.3694882901316152e-14,-1.225742597699142e-13,-6.790557259019319e-19,0.05869128153987436,99.65156952959569,500.0,95,0.773055760303453,0.1,131.71560409330056,deFc,1,0.272571356225773,0.409453841140154,0.0031092147446044,349.540544019572,950.330400338052,369.020998529195
11,0.0010199627101633165,0.0010199627101633165,0.0010199627101633165,0,0,0,3.890015409925216e-05,1.3886892290997722e-05,0.0010029538796015897,0.08558882399288872,0.08777100457776782,0.0014838664428422597,4.336808689942018e-19,-1.0842021724855044e-18,-1.7279472123987727e-19,0.11462507723503446,98.33240662700274,500.00000000000006,95,1,0.1,87.24094448804925,ddFc,1,0.283184293825222,0.61167783535938,0.00376986289722275,1822.21079088769,950.348657314128,2401.50309384427,8,0.0012690708826475347,0.0013014272314294606,2.200207466929732e-05,0,0,0,0.0009168361186523136,2.632375358271753e-05,2.193077897795526e-05,0.04856444383443811,0.17580516622476017,9.829908775926274e-06,-4.468593464007631e-15,-3.7413865408564284e-14,-3.323280828993044e-19,0.05606923333012818,99.67595923378285,500.0,95,0.773055760303453,0.1,137.87521504918814,deFc,1,0.272571356225773,0.409453841140154,0.0031092147446044,349.540544019572,950.330400338052,369.020998529195
11,0.0010199627101633165,0.0010199627101633165,0.0010199627101633165,0,0,0,3.890015409925216e-05,1.3886892290997722e-05,0.0010029538796015897,0.08558882399288872,0.08777100457776782,0.0014838664428422597,4.336808689942018e-19,-1.0842021724855044e-18,-1.7279472123987727e-19,0.11462507723503446,98.33240662700274,500.00000000000006,95,1,0.1,87.24094448804925,ddFc,1,0.283184293825222,0.61167783535938,0.00376986289722275,1822.21079088769,950.348657314128,2401.50309384427,9,0.0012690708826475347,0.0013014272314294606,2.200207466929732e-05,0,0,0,0.000936235098948539,2.734160214965954e-05,2.193392943953925e-05,0.04718583956682621,0.18062601151232469,9.66088995259708e-06,-8.577665487619068e-16,-1.2014261113746372e-14,-7.056181497322347e-20,0.05452920244432284,99.6902781633899,500.0,95,0.773055760303453,0.1,141.76913023673566,deFc,1,0.272571356225773,0.409453841140154,0.0031092147446044,349.540544019572,950.330400338052,369.020998529195
11,0.0010199627101633165,0.0010199627101633165,0.0010199627101633165,0,0,0,3.890015409925216e-05,1.3886892290997722e-05,0.0010029538796015897,0.08558882399288872,0.08777100457776782,0.0014838664428422597,4.336808689942018e-19,-1.0842021724855044e-18,-1.7279472123987727e-19,0.11462507723503446,98.33240662700274,500.00000000000006,95,1,0.1,87.24094448804925,ddFc,1,0.283184293825222,0.61167783535938,0.00376986289722275,1822.21079088769,950.348657314128,2401.50309384427,10,0.0012690708826475347,0.0013014272314294606,2.200207466929732e-05,0,0,0,0.0009478992286070599,2.7953609819047694e-05,2.1935823265667002e-05,0.04631866030010613,0.18365752811138125,9.554629807929103e-06,-2.367355443622099e-16,-9.170181974882397e-16,-3.42320424698945e-20,0.05360336322202407,99.6988856522573,500.0,95,0.773055760303453,0.1,144.21777176582583,deFc,1,0.272571356225773,0.409453841140154,0.0031092147446044,349.540544019572,950.330400338052,369.020998529195
11,0.0010199627101633165,0.0010199627101633165,0.0010199627101633165,0,0,0,3.890015409925216e-05,1.3886892290997722e-05,0.0010029538796015897,0.08558882399288872,0.08777100457776782,0.0014838664428422597,4.336808689942018e-19,-1.0842021724855044e-18,-1.7279472123987727e-19,0.11462507723503446,98.33240662700274,500.00000000000006,95,1,0.1,87.24094448804925,ddFc,1,0.283184293825222,0.61167783535938,0.00376986289722275,1822.21079088769,950.348657314128,2401.50309384427,11,0.0012690708826475347,0.0013014272314294606,2.200207466929732e-05,0,0,0,0.00095493774203012,2.8322915162096726e-05,2.1936965997556764e-05,0.045780714586494096,0.18553797038833547,9.488720331134897e-06,-1.2902005852577503e-17,-3.252606517456513e-17,3.65282958503417e-21,0.05304470147527179,99.70407939833323,500.0,95,0.773055760303453,0.1,145.73665961035405,deFc,1,0.272571356225773,0.409453841140154,0.0031092147446044,349.540544019572,950.330400338052,369.020998529195
11,0.0010199627101633165,0.0010199627101633165,0.0010199627101633165,0,0,0,3.890015409925216e-05,1.3886892290997722e-05,0.0010029538796015897,0.08558882399288872,0.08777100457776782,0.0014838664428422597,4.336808689942018e-19,-1.0842021724855044e-18,-1.7279472123987727e-19,0.11462507723503446,98.33240662700274,500.00000000000006,95,1,0.1,87.24094448804925,ddFc,1,0.283184293825222,0.61167783535938,0.00376986289722275,1822.21079088769,950.348657314128,2401.50309384427,12,0.0012690708826475347,0.0013014272314294606,2.200207466929732e-05,0,0,0,0.0009591626743286948,2.8544594509008276e-05,2.1937651923821696e-05,0.04545232850977847,0.18668585818404104,9.448487365226072e-06,-1.6098532012662203e-14,-1.0964644990563155e-12,-2.9412557348915537e-19,0.05270936241930014,99.70719695099697,500.0,95,0.773055760303453,0.1,146.66384202370654,deFc,1,0.272571356225773,0.409453841140154,0.0031092147446044,349.540544019572,950.330400338052,369.020998529195
11,0.0010199627101633165,0.0010199627101633165,0.0010199627101633165,0,0,0,3.890015409925216e-05,1.3886892290997722e-05,0.0010029538796015897,0.08558882399288872,0.08777100457776782,0.0014838664428422597,4.336808689942018e-19,-1.0842021724855044e-18,-1.7279472123987727e-19,0.11462507723503446,98.33240662700274,500.00000000000006,95,1,0.1,87.24094448804925,ddFc,1,0.283184293825222,0.61167783535938,0.00376986289722275,1822.21079088769,950.348657314128,2401.50309384427,13,0.0012690708826475347,0.0013014272314294606,2.200207466929732e-05,0,0,0,0.0009616772806124448,2.8676533544921295e-05,2.1938060171730932e-05,0.04525488387794899,0.18737603232014424,9.424297121253409e-06,-1.3214738548220084e-12,-1.5018541163307197e-10,-1.6895832373330533e-17,0.052509779208806395,99.70905244833244,500.0,95,0.773055760303453,0.1,147.22129324318396,deFc,1,0.272571356225773,0.409453841140154,0.0031092147446044,349.540544019572,950.330400338052,369.020998529195
11,0.0010199627101633165,0.0010199627101633165,0.0010199627101633165,0,0,0,3.890015409925216e-05,1.3886892290997722e-05,0.0010029538796015897,0.08558882399288872,0.08777100457776782,0.0014838664428422597,4.336808689942018e-19,-1.0842021724855044e-18,-1.7279472123987727e-19,0.11462507723503446,98.33240662700274,500.00000000000006,95,1,0.1,87.24094448804925,ddFc,1,0.283184293825222,0.61167783535938,0.00376986289722275,1822.21079088769,950.348657314128,2401.50309384427,14,0.0012690708826475347,0.0013014272314294606,2.200207466929732e-05,0,0,0,0.0009631611866500642,2.875439294625606e-05,2.1938301088108102e-05,0.04513766869601175,0.1877857606653281,9.409936386173894e-06,-2.760161890713597e-15,-2.840791837876999e-13,-1.1342962303817158e-19,0.05239199530195899,99.7101474195149,500.0,95,0.773055760303453,0.1,147.55226554132548,deFc,1,0.272571356225773,0.409453841140154,0.0031092147446044,349.540544019572,950.330400338052,369.020998529195
12,0.0010199627101633165,0.0010199627101633165,0.0010199627101633165,0,0,0,3.9806616307343896e-05,1.2986482960191905e-05,0.0010030688831669115,0.08584321134370408,0.08819214982411291,0.0014795810280203011,-1.9535978737494908e-13,-8.980121334045688e-14,-5.441339653161625e-18,0.11417980277169804,98.34368189855687,500.00000000000006,95,1,0.1,87.58116371942725,ddFc,1,0.283184293825222,0.61167783535938,0.00376986289722275,1822.21079088769,950.348657314128,2401.50309384427,5,0.0012679494683253856,0.0013026445275006369,2.1854191478360397e-05,0,0,0,0.0006870230892136365,1.4413604516331083e-05,2.1745505446676947e-05,0.06024352325465743,0.13359277932093472,1.1271014215564682e-05,-1.6130217821153092e-15,-6.293793611278353e-15,-1.3197832109406067e-19,0.07454251359321265,99.50267649209961,500.00000000000006,95,0.7730245711967136,0.1,103.70250933785255,deFc,1,0.272571356225773,0.409453841140154,0.0031092147446044,349.540544019572,950.330400338052,369.020998529195
12,0.0010199627101633165,0.0010199627101633165,0.0010199627101633165,0,0,0,3.9806616307343896e-05,1.2986482960191905e-05,0.0010030688831669115,0.08584321134370408,0.08819214982411291,0.0014795810280203011,-1.9535978737494908e-13,-8.980121334045688e-14,-5.441339653161625e-18,0.11417980277169804,98.34368189855687,500.00000000000006,95,1,0.1,87.58116371942725,ddFc,1,0.283184293825222,0.61167783535938,0.00376986289722275,1822.21079088769,950.348657314128,2401.50309384427,6,0.0012679494683253856,0.0013026445275006369,2.1854191478360397e-05,0,0,0,0.0008237569623479376,2.1587213285119226e-05,2.176841631216325e-05,0.05413792863009909,0.156134533703621,1.0454228187388427e-05,-7.538919033316105e-13,-7.134197963290512e-12,-1.4217183321867414e-17,0.06342535278030526,99.60751160123182,500.00000000000006,95,0.7730245711967136,0.1,121.87942791179114,deFc,1,0.272571356225773,0.409453841140154,0.0031092147446044,349.540544019572,950.330400338052,369.020998529195
12,0.0010199627101633165,0.0010199627101633165,0.0010199627101633165,0,0,0,3.9806616307343896e-05,1.2986482960191905e-05,0.0010030688831669115,0.08584321134370408,0.08819214982411291,0.0014795810280203011,-1.9535978737494908e-13,-8.980121334045688e-14,-5.441339653161625e-18,0.11417980277169804,98.34368189855687,500.00000000000006,95,1,0.1,87.58116371942725,ddFc,1,0.283184293825222,0.61167783535938,0.00376986289722275,1822.21079088769,950.348657314128,2401.50309384427,7,0.0012679494683253856,0.0013026445275006369,2.1854191478360397e-05,0,0,0,0.0008834032731588036,2.4716801843793303e-05,2.177810726984445e-05,0.05066775045281715,0.16837957030787606,1.0024844189854244e-05,-1.428371310119303e-14,-1.292533788332939e-13,-6.93455286005255e-19,0.05866920377984348,99.65185530386111,500.00000000000006,95,0.7730245711967136,0.1,131.75985378930534,deFc,1,0.272571356225773,0.409453841140154,0.0031092147446044,349.540544019572,950.330400338052,369.020998529195
12,0.0010199627101633165,0.0010199627101633165,0.0010199627101633165,0,0,0,3.9806616307343896e-05,1.2986482960191905e-05,0.0010030688831669115,0.08584321134370408,0.08819214982411291,0.0014795810280203011,-1.9535978737494908e-13,-8.980121334045688e-14,-5.441339653161625e-18,0.11417980277169804,98.34368189855687,500.00000000000006,95,1,0.1,87.58116371942725,ddFc,1,0.283184293825222,0.61167783535938,0.00376986289722275,1822.21079088769,950.348657314128,2401.50309384427,8,0.0012679494683253856,0.0013026445275006369,2.1854191478360397e-05,0,0,0,0.0009162582482136355,2.6440702287320618e-05,2.1783416039735887e-05,0.04849691789362868,0.17598378517564964,9.759671096511317e-06,-4.609648166647995e-15,-3.90956798185238e-14,-3.399249096449914e-19,0.05605839843708108,99.67614707368794,500.00000000000006,95,0.7730245711967136,0.1,137.89629970687483,deFc,1,0.272571356225773,0.409453841140154,0.0031092147446044,349.540544019572,950.330400338052,369.020998529195
12,0.0010199627101633165,0.0010199627101633165,0.0010199627101633165,0,0,0,3.9806616307343896e-05,1.2986482960191905e-05,0.0010030688831669115,0.08584321134370408,0.08819214982411291,0.0014795810280203011,-1.9535978737494908e-13,-8.980121334045688e-14,-5.441339653161625e-18,0.11417980277169804,98.34368189855687,500.00000000000006,95,1,0.1,87.58116371942725,ddFc,1,0.283184293825222,0.61167783535938,0.00376986289722275,1822.21079088769,950.348657314128,2401.50309384427,9,0.0012679494683253856,0.0013026445275006369,2.1854191478360397e-05,0,0,0,0.0009355687017029149,2.7453925331079693e-05,2.1786532713171597e-05,0.04712306746459572,0.180789319994173,9.592277522416486e-06,-8.857931749206571e-16,-1.264938674638838e-14,-6.890745374811742e-20,0.05452499453400356,99.6904082896144,500.00000000000006,95,0.7730245711967136,0.1,141.77435097487822,deFc,1,0.272571356225773,0.409453841140154,0.0031092147446044,349.540544019572,950.330400338052,369.020998529195
12,0.0010199627101633165,0.0010199627101633165,0.0010199627101633165,0,0,0,3.9806616307343896e-05,1.2986482960191905e-05,0.0010030688831669115,0.08584321134370408,0.08819214982411291,0.0014795810280203011,-1.9535978737494908e-13,-8.980121334045688e-14,-5.441339653161625e-18,0.11417980277169804,98.34368189855687,500.00000000000006,95,1,0.1,87.58116371942725,ddFc,1,0.283184293825222,0.61167783535938,0.00376986289722275,1822.21079088769,950.348657314128,2401.50309384427,10,0.0012679494683253856,0.0013026445275006369,2.1854191478360397e-05,0,0,0,0.00094717536085502,2.806292923851947e-05,2.1788405543434465e-05,0.04625936303123445,0.18380951421518626,9.487098164142233e-06,-2.39120789141678e-16,-9.428222091933947e-16,-2.584773978105701e-20,0.05360347627594863,99.69897795124989,500.00000000000006,95,0.7730245711967136,0.1,144.2116491134293,deFc,1,0.272571356225773,0.409453841140154,0.0031092147446044,349.540544019572,950.330400338052,369.020998529195
12,0.0010199627101633165,0.0010199627101633165,0.0010199627101633165,0,0,0,3.9806616307343896e-05,1.2986482960191905e-05,0.0010030688831669115,0.08584321134370408,0.08819214982411291,0.0014795810280203011,-1.9535978737494908e-13,-8.980121334045688e-14,-5.441339653161625e-18,0.11417980277169804,98.34368189855687,500.00000000000006,95,1,0.1,87.58116371942725,ddFc,1,0.283184293825222,0.61167783535938,0.00376986289722275,1822.21079088769,950.348657314128,2401.50309384427,11,0.0012679494683253856,0.0013026445275006369,2.1854191478360397e-05,0,0,0,0.0009541753739172108,2.8430221532228055e-05,2.1789534989830036e-05,0.04572393702030449,0.18568165987813728,9.421903408220946e-06,-1.3362791775883842e-17,-3.2959746043559335e-17,2.8455013071824152e-21,0.05304772523740008,99.70414605091027,500.00000000000006,95,0.7730245711967136,0.1,145.72247306312585,deFc,1,0.272571356225773,0.409453841140154,0.0031092147446044,349.540544019572,950.330400338052,369.020998529195
12,0.0010199627101633165,0.0010199627101633165,0.0010199627101633165,0,0,0,3.9806616307343896e-05,1.2986482960191905e-05,0.0010030688831669115,0.08584321134370408,0.08819214982411291,0.0014795810280203011,-1.9535978737494908e-13,-8.980121334045688e-14,-5.441339653161625e-18,0.11417980277169804,98.34368189855687,500.00000000000006,95,1,0.1,87.58116371942725,ddFc,1,0.283184293825222,0.61167783535938,0.00376986289722275,1822.21079088769,950.348657314128,2401.50309384427,12,0.0012679494683253856,0.0013026445275006369,2.1854191478360397e-05,0,0,0,0.0009583745218782644,2.8650552290091324e-05,2.1790212509967492e-05,0.04539732728395428,0.18682365021304337,9.382135733471577e-06,-1.5638261085387795e-14,-1.0747886955431163e-12,-2.8188330042337056e-19,0.052714345659453335,99.70724623486412,500.00000000000006,95,0.7730245711967136,0.1,146.6440608388897,deFc,1,0.272571356225773,0.409453841140154,0.0031092147446044,349.540544019572,950.330400338052,369.020998529195
12,0.0010199627101633165,0.0010199627101633165,0.0010199627101633165,0,0,0,3.9806616307343896e-05,1.2986482960191905e-05,0.0010030688831669115,0.08584321134370408,0.08819214982411291,0.0014795810280203011,-1.9535978737494908e-13,-8.980121334045688e-14,-5.441339653161625e-18,0.11417980277169804,98.34368189855687,500.00000000000006,95,1,0.1,87.58116371942725,ddFc,1,0.283184293825222,0.61167783535938,0.00376986289722275,1822.21079088769,950.348657314128,2401.50309384427,13,0.0012679494683253856,0.0013026445275006369,2.1854191478360397e-05,0,0,0,0.0009608721053201373,2.8781600585389998e-05,2.179061548430502e-05,0.04520109480209337,0.18750977455969456,9.358242795951771e-06,-1.2586080452587495e-12,-1.4520243471136118e-10,-1.6178163856434626e-17,0.052516061648348454,99.70909015728937,500.00000000000006,95,0.7730245711967136,0.1,147.1977423541287,deFc,1,0.272571356225773,0.409453841140154,0.0031092147446044,349.540544019572,950.330400338052,369.020998529195
12,0.0010199627101633165,0.0010199627101633165,0.0010199627101633165,0,0,0,3.9806616307343896e-05,1.2986482960191905e-05,0.0010030688831669115,0.08584321134370408,0.08819214982411291,0.0014795810280203011,-1.9535978737494908e-13,-8.980121334045688e-14,-5.441339653161625e-18,0.11417980277169804,98.34368189855687,500.00000000000006,95,1,0.1,87.58116371942725,ddFc,1,0.283184293825222,0.61167783535938,0.00376986289722275,1822.21079088769,950.348657314128,2401.50309384427,14,0.0012679494683253856,0.0013026445275006369,2.1854191478360397e-05,0,0,0,0.0009623449732689256,2.8858882306989805e-05,2.1790853128366433e-05,0.04508468236608888,0.1879168080314158,9.34406868105074e-06,-2.5923544994671532e-15,-2.683972835648696e-13,-1.1596410443503406e-19,0.0523991234608524,99.7101775645341,500.00000000000006,95,0.7730245711967136,0.1,147.5262409254314,deFc,1,0.272571356225773,0.409453841140154,0.0031092147446044,349.540544019572,950.330400338052,369.020998529195
