S1 Stages,S1 C_Pt_in [M],S1 C_Ir_in [M],S1 C_Rh_in [M],S1 q_Pt_in [mol PGM/mol ligand],S1 q_Ir_in [mol PGM/mol ligand],S1 q_Rh_in [mol PGM/mol ligand],S1 C_Pt_out [M],S1 C_Ir_out [M],S1 C_Rh_out [M],S1 q_Pt_out [mol PGM/mol ligand],S1 q_Ir_out [mol PGM/mol ligand],S1 q_Rh_out [mol PGM/mol ligand],S1 Material Residual Pt [mol PGM/time],S1 Material Residual Ir [mol PGM/time],S1 Material Residual Rh [mol PGM/time],S1 Q_org [L/time],S1 PGM Recovery [%],S1 PPM Mass Total Feed [mg/L],S1 PGM Relative Purity [%],S1 Q_aq [L/time],S1 C_lig [L/time],S1 Q_aq/(Q_org*C_lig) [1/M],S1 Ligand,S1 q_max_Pt,S1 q_max_Ir,S1 q_max_Rh,S1 K_eq_Pt,S1 K_eq_Ir,S1 K_eq_Rh,S2 Stages,S2 C_Pt_in [M],S2 C_Ir_in [M],S2 C_Rh_in [M],S2 q_Pt_in [mol PGM/mol ligand],S2 q_Ir_in [mol PGM/mol ligand],S2 q_Rh_in [mol PGM/mol ligand],S2 C_Pt_out [M],S2 C_Ir_out [M],S2 C_Rh_out [M],S2 q_Pt_out [mol PGM/mol ligand],S2 q_Ir_out [mol PGM/mol ligand],S2 q_Rh_out [mol PGM/mol ligand],S2 Material Residual Pt [mol PGM/time],S2 Material Residual Ir [mol PGM/time],S2 Material Residual Rh [mol PGM/time],S2 Q_org [L/time],S2 PGM Recovery [%],S2 PPM Mass Total Feed [mg/L],S2 PGM Relative Purity [%],S2 Q_aq [L/time],S2 C_lig [L/time],S2 Q_aq/(Q_org*C_lig) [1/M],S2 Ligand,S2 q_max_Pt,S2 q_max_Ir,S2 q_max_Rh,S2 K_eq_Pt,S2 K_eq_Ir,S2 K_eq_Rh
3,0.0010199627101633165,0.0010199627101633165,0.0010199627101633165,0,0,0,3.4950144948877075e-05,1.2996294765148246e-05,0.0009109823546510485,0.025551223558626306,0.026120706379280975,0.0028269501583327635,5.984795992119984e-17,0.0,-7.453889935837843e-19,0.3855050475192727,89.31526080058181,500.00000000000006,95,1,0.1,25.939997580706294,ddFc,0.277497880155915,0.6401447064512934,0.0039302537550196,1523.8062407678651,964.4610933964562,4719.405053963155,4,0.0012407748685449723,0.0012684291204173007,0.00013727752422659718,0,0,0,0.0007267987998508134,3.825571349831728e-05,0.0001368534678057538,0.05523605834420761,0.1322044629054402,4.557255994082746e-05,-8.507647711319954e-14,-6.332326156488488e-13,-9.465169669093179e-18,0.07387015338456308,99.69109552111138,500.0,95,0.793868888051771,0.1,107.46815211265944,deFc,0.2794845558640569,0.41824523966178,0.0027666085513938,312.8683010073043,899.644997234241,255.26097755082424
3,0.0010199627101633165,0.0010199627101633165,0.0010199627101633165,0,0,0,3.4950144948877075e-05,1.2996294765148246e-05,0.0009109823546510485,0.025551223558626306,0.026120706379280975,0.0028269501583327635,5.984795992119984e-17,0.0,-7.453889935837843e-19,0.3855050475192727,89.31526080058181,500.00000000000006,95,1,0.1,25.939997580706294,ddFc,0.277497880155915,0.6401447064512934,0.0039302537550196,1523.8062407678651,964.4610933964562,4719.405053963155,5,0.0012407748685449723,0.0012684291204173007,0.00013727752422659718,0,0,0,0.0007731739220413757,2.53331848929325e-05,0.00013689194596049577,0.05337895432702928,0.141905532601747,4.4015660765045196e-05,-4.08746550061706e-13,-3.945137185684677e-12,-2.4635529754417698e-17,0.06954310899146679,99.71912498548198,500.0,95,0.793868888051771,0.1,114.15493203635486,deFc,0.2794845558640569,0.41824523966178,0.0027666085513938,312.8683010073043,899.644997234241,255.26097755082424
3,0.0010199627101633165,0.0010199627101633165,0.0010199627101633165,0,0,0,3.4950144948877075e-05,1.2996294765148246e-05,0.0009109823546510485,0.025551223558626306,0.026120706379280975,0.0028269501583327635,5.984795992119984e-17,0.0,-7.453889935837843e-19,0.3855050475192727,89.31526080058181,500.00000000000006,95,1,0.1,25.939997580706294,ddFc,0.277497880155915,0.6401447064512934,0.0039302537550196,1523.8062407678651,964.4610933964562,4719.405053963155,6,0.0012407748685449723,0.0012684291204173007,0.00013727752422659718,0,0,0,0.0008106341734941374,1.778247544179915e-05,0.0001369195914247609,0.05151799062534957,0.14979006395538413,4.28696445904817e-05,-1.7844184246537664e-13,-1.9057637412611683e-12,-1.3275282684520632e-17,0.0662827317834559,99.73926336168078,500.0,95,0.793868888051771,0.1,119.77009195175023,deFc,0.2794845558640569,0.41824523966178,0.0027666085513938,312.8683010073043,899.644997234241,255.26097755082424
3,0.0010199627101633165,0.0010199627101633165,0.0010199627101633165,0,0,0,3.4950144948877075e-05,1.2996294765148246e-05,0.0009109823546510485,0.025551223558626306,0.026120706379280975,0.0028269501583327635,5.984795992119984e-17,0.0,-7.453889935837843e-19,0.3855050475192727,89.31526080058181,500.00000000000006,95,1,0.1,25.939997580706294,ddFc,0.277497880155915,0.6401447064512934,0.0039302537550196,1523.8062407678651,964.4610933964562,4719.405053963155,7,0.0012407748685449723,0.0012684291204173007,0.00013727752422659718,0,0,0,0.0008403376256303913,1.3055101391615157e-05,0.00013694077118044017,0.04987676027905295,0.15636405038822354,4.1944527477153404e-05,-3.688611915908524e-13,-4.67270384711671e-12,-2.1978599157117772e-17,0.06373603003831924,99.75469178363011,500.0,95,0.793868888051771,0.1,124.5557477575059,deFc,0.2794845558640569,0.41824523966178,0.0027666085513938,312.8683010073043,899.644997234241,255.26097755082424
3,0.0010199627101633165,0.0010199627101633165,0.0010199627101633165,0,0,0,3.4950144948877075e-05,1.2996294765148246e-05,0.0009109823546510485,0.025551223558626306,0.026120706379280975,0.0028269501583327635,5.984795992119984e-17,0.0,-7.453889935837843e-19,0.3855050475192727,89.31526080058181,500.00000000000006,95,1,0.1,25.939997580706294,ddFc,0.277497880155915,0.6401447064512934,0.0039302537550196,1523.8062407678651,964.4610933964562,4719.405053963155,8,0.0012407748685449723,0.0012684291204173007,0.00013727752422659718,0,0,0,0.004251895250167049,8.491142007011267e-05,0.0001388724629971912,0.08705213826063794,2.6800641979297208e-14,6.463653700638152e-05,-0.0006912768018557513,0.0009395578807647345,-4.541131858866778e-09,-0.19518854117118148,101.1618353256148,500.0,95,0.793868888051771,0.1,-40.67190027080244,deFc,0.2794845558640569,0.41824523966178,0.0027666085513938,312.8683010073043,899.644997234241,255.26097755082424
3,0.0010199627101633165,0.0010199627101633165,0.0010199627101633165,0,0,0,3.4950144948877075e-05,1.2996294765148246e-05,0.0009109823546510485,0.025551223558626306,0.026120706379280975,0.0028269501583327635,5.984795992119984e-17,0.0,-7.453889935837843e-19,0.3855050475192727,89.31526080058181,500.00000000000006,95,1,0.1,25.939997580706294,ddFc,0.277497880155915,0.6401447064512934,0.0039302537550196,1523.8062407678651,964.4610933964562,4719.405053963155,9,0.0012407748685449723,0.0012684291204173007,0.00013727752422659718,0,0,0,0.0035599889122769203,4.879529670261763e-05,0.00013857254078563432,0.10460622872172856,3.9284457314785485e-29,5.860999632756877e-05,-6.293440137534589e-06,0.0009682293474627052,-1.749914007622375e-11,-0.17540623119059695,100.9433565810085,500.0,95,0.793868888051771,0.1,-45.25887607659449,deFc,0.2794845558640569,0.41824523966178,0.0027666085513938,312.8683010073043,899.644997234241,255.26097755082424
3,0.0010199627101633165,0.0010199627101633165,0.0010199627101633165,0,0,0,3.4950144948877075e-05,1.2996294765148246e-05,0.0009109823546510485,0.025551223558626306,0.026120706379280975,0.0028269501583327635,5.984795992119984e-17,0.0,-7.453889935837843e-19,0.3855050475192727,89.31526080058181,500.00000000000006,95,1,0.1,25.939997580706294,ddFc,0.277497880155915,0.6401447064512934,0.0039302537550196,1523.8062407678651,964.4610933964562,4719.405053963155,10,0.0012407748685449723,0.0012684291204173007,0.00013727752422659718,0,0,0,0.003740024900504028,5.802556952806431e-05,0.00013881784628591223,0.08272233509855882,1.6070858122321935e-14,6.607777734028079e-05,-0.0004569955340147302,0.00096090172103865,-2.996420321655624e-09,-0.18460326440259822,101.1220497076947,500.0,95,0.793868888051771,0.1,-43.004054701894944,deFc,0.2794845558640569,0.41824523966178,0.0027666085513938,312.8683010073043,899.644997234241,255.26097755082424
3,0.0010199627101633165,0.0010199627101633165,0.0010199627101633165,0,0,0,3.4950144948877075e-05,1.2996294765148246e-05,0.0009109823546510485,0.025551223558626306,0.026120706379280975,0.0028269501583327635,5.984795992119984e-17,0.0,-7.453889935837843e-19,0.3855050475192727,89.31526080058181,500.00000000000006,95,1,0.1,25.939997580706294,ddFc,0.277497880155915,0.6401447064512934,0.0039302537550196,1523.8062407678651,964.4610933964562,4719.405053963155,11,0.0012407748685449723,0.0012684291204173007,0.00013727752422659718,0,0,0,0.0033915647632721696,3.99182841433617e-05,0.00013858512458472986,0.09914296091335738,1.7743110636455687e-28,6.0466209920107894e-05,-5.419256068039382e-06,0.0009752765315523433,-1.6204106135045234e-11,-0.1716739050772807,100.95252326664507,500.0,95,0.793868888051771,0.1,-46.242839742848695,deFc,0.2794845558640569,0.41824523966178,0.0027666085513938,312.8683010073043,899.644997234241,255.26097755082424
3,0.0010199627101633165,0.0010199627101633165,0.0010199627101633165,0,0,0,3.4950144948877075e-05,1.2996294765148246e-05,0.0009109823546510485,0.025551223558626306,0.026120706379280975,0.0028269501583327635,5.984795992119984e-17,0.0,-7.453889935837843e-19,0.3855050475192727,89.31526080058181,500.00000000000006,95,1,0.1,25.939997580706294,ddFc,0.277497880155915,0.6401447064512934,0.0039302537550196,1523.8062407678651,964.4610933964562,4719.405053963155,12,0.0012407748685449723,0.0012684291204173007,0.00013727752422659718,0,0,0,0.003462695069736149,4.3457712473949806e-05,0.00013878939646675136,0.08082889717520497,8.471021736707529e-20,6.670603563839498e-05,-0.0003120320303526122,0.0009724666895192004,-2.0275866805808654e-09,-0.17962403791798523,101.10132539807361,500.0,95,0.793868888051771,0.1,-44.196138626737955,deFc,0.2794845558640569,0.41824523966178,0.0027666085513938,312.8683010073043,899.644997234241,255.26097755082424
3,0.0010199627101633165,0.0010199627101633165,0.0010199627101633165,0,0,0,3.4950144948877075e-05,1.2996294765148246e-05,0.0009109823546510485,0.025551223558626306,0.026120706379280975,0.0028269501583327635,5.984795992119984e-17,0.0,-7.453889935837843e-19,0.3855050475192727,89.31526080058181,500.00000000000006,95,1,0.1,25.939997580706294,ddFc,0.277497880155915,0.6401447064512934,0.0039302537550196,1523.8062407678651,964.4610933964562,4719.405053963155,13,0.0012407748685449723,0.0012684291204173007,0.00013727752422659718,0,0,0,0.0032759230328255552,3.3826972837194866e-05,0.00013859002889072847,0.09542987628786173,2.1941237226365913e-28,6.172791763667471e-05,-4.8246052981510724e-06,0.000980112234085747,-1.5311301209316986e-11,-0.16879579724497318,100.95609581504748,500.0,95,0.793868888051771,0.1,-47.03131837457006,deFc,0.2794845558640569,0.41824523966178,0.0027666085513938,312.8683010073043,899.644997234241,255.26097755082424
4,0.0010199627101633165,0.0010199627101633165,0.0010199627101633165,0,0,0,3.8770381673174636e-05,1.0864242719805065e-05,0.0009430578634666314,0.0341743570187855,0.03514631157625204,0.0026785509946917327,-1.0308160575123182e-14,-5.302399144757608e-15,-3.7838655819744105e-17,0.28711361795661366,92.46003349628624,500.00000000000006,95,1,0.1,34.829417257077374,ddFc,0.277497880155915,0.6401447064512934,0.0039302537550196,1523.8062407678651,964.4610933964562,4719.405053963155,4,0.0012473900904303042,0.0012828671729300824,9.776915380307109e-05,0,0,0,0.0006936267274227178,3.067872306985703e-05,9.744693369574832e-05,0.05676463873797432,0.1283581225530232,3.302982673650391e-05,-1.3614657361563087e-12,-1.1754863792415304e-11,-5.604674075171856e-17,0.07673583035093498,99.67042764022302,499.99999999999994,95,0.7865962187995051,0.1,102.50703161771688,deFc,0.2794845558640569,0.41824523966178,0.0027666085513938,312.8683010073043,899.644997234241,255.26097755082424
4,0.0010199627101633165,0.0010199627101633165,0.0010199627101633165,0,0,0,3.8770381673174636e-05,1.0864242719805065e-05,0.0009430578634666314,0.0341743570187855,0.03514631157625204,0.0026785509946917327,-1.0308160575123182e-14,-5.302399144757608e-15,-3.7838655819744105e-17,0.28711361795661366,92.46003349628624,500.00000000000006,95,1,0.1,34.829417257077374,ddFc,0.277497880155915,0.6401447064512934,0.0039302537550196,1523.8062407678651,964.4610933964562,4719.405053963155,5,0.0012473900904303042,0.0012828671729300824,9.776915380307109e-05,0,0,0,0.000746701512666923,1.9891703964612026e-05,9.74789533805984e-05,0.05491841399968012,0.13853044309250032,3.183085772791154e-05,-1.5613593317559404e-12,-1.615356134444801e-11,-5.331175077437323e-17,0.07171360477169476,99.70317793375075,499.99999999999994,95,0.7865962187995051,0.1,109.68577319515435,deFc,0.2794845558640569,0.41824523966178,0.0027666085513938,312.8683010073043,899.644997234241,255.26097755082424
4,0.0010199627101633165,0.0010199627101633165,0.0010199627101633165,0,0,0,3.8770381673174636e-05,1.0864242719805065e-05,0.0009430578634666314,0.0341743570187855,0.03514631157625204,0.0026785509946917327,-1.0308160575123182e-14,-5.302399144757608e-15,-3.7838655819744105e-17,0.28711361795661366,92.46003349628624,500.00000000000006,95,1,0.1,34.829417257077374,ddFc,0.277497880155915,0.6401447064512934,0.0039302537550196,1523.8062407678651,964.4610933964562,4719.405053963155,6,0.0012473900904303042,0.0012828671729300824,9.776915380307109e-05,0,0,0,0.0007901327922235513,1.375390618555564e-05,9.750184450841215e-05,0.05294204735409977,0.14694015038328137,3.094953607505837e-05,-2.403963529976072e-12,-2.890890435022775e-11,-7.422292959927297e-17,0.06793784565719484,99.72659137952921,499.99999999999994,95,0.7865962187995051,0.1,115.78174303150016,deFc,0.2794845558640569,0.41824523966178,0.0027666085513938,312.8683010073043,899.644997234241,255.26097755082424
4,0.0010199627101633165,0.0010199627101633165,0.0010199627101633165,0,0,0,3.8770381673174636e-05,1.0864242719805065e-05,0.0009430578634666314,0.0341743570187855,0.03514631157625204,0.0026785509946917327,-1.0308160575123182e-14,-5.302399144757608e-15,-3.7838655819744105e-17,0.28711361795661366,92.46003349628624,500.00000000000006,95,1,0.1,34.829417257077374,ddFc,0.277497880155915,0.6401447064512934,0.0039302537550196,1523.8062407678651,964.4610933964562,4719.405053963155,7,0.0012473900904303042,0.0012828671729300824,9.776915380307109e-05,0,0,0,0.0008262963644883105,1.0188056779006979e-05,9.752014164874146e-05,0.051073689143617505,0.15436092621057865,3.0202229526825155e-05,-5.004677228193088e-16,-1.4478435811371426e-15,-1.6247150719521548e-19,0.06485349661256268,99.7453060145829,499.99999999999994,95,0.7865962187995051,0.1,121.28817409779177,deFc,0.2794845558640569,0.41824523966178,0.0027666085513938,312.8683010073043,899.644997234241,255.26097755082424
4,0.0010199627101633165,0.0010199627101633165,0.0010199627101633165,0,0,0,3.8770381673174636e-05,1.0864242719805065e-05,0.0009430578634666314,0.0341743570187855,0.03514631157625204,0.0026785509946917327,-1.0308160575123182e-14,-5.302399144757608e-15,-3.7838655819744105e-17,0.28711361795661366,92.46003349628624,500.00000000000006,95,1,0.1,34.829417257077374,ddFc,0.277497880155915,0.6401447064512934,0.0039302537550196,1523.8062407678651,964.4610933964562,4719.405053963155,8,0.0012473900904303042,0.0012828671729300824,9.776915380307109e-05,0,0,0,0.0008534694323274747,7.677181065966314e-06,9.753373874187238e-05,0.049537144454563815,0.1603603911975523,2.960441310573232e-05,-1.0244084226729289e-15,-6.17735029795341e-15,-2.581862302349514e-19,0.06255033542676798,99.75921335918189,499.99999999999994,95,0.7865962187995051,0.1,125.75411681371843,deFc,0.2794845558640569,0.41824523966178,0.0027666085513938,312.8683010073043,899.644997234241,255.26097755082424
4,0.0010199627101633165,0.0010199627101633165,0.0010199627101633165,0,0,0,3.8770381673174636e-05,1.0864242719805065e-05,0.0009430578634666314,0.0341743570187855,0.03514631157625204,0.0026785509946917327,-1.0308160575123182e-14,-5.302399144757608e-15,-3.7838655819744105e-17,0.28711361795661366,92.46003349628624,500.00000000000006,95,1,0.1,34.829417257077374,ddFc,0.277497880155915,0.6401447064512934,0.0039302537550196,1523.8062407678651,964.4610933964562,4719.405053963155,9,0.0012473900904303042,0.0012828671729300824,9.776915380307109e-05,0,0,0,0.0008753394931691827,5.97119803601139e-06,9.754465760136212e-05,0.04821820857439848,0.1654872667838631,2.9094979977964635e-05,-2.536545192638462e-15,-2.16682140979918e-14,-5.247898503832425e-19,0.06069358478108558,99.77038135958387,499.99999999999994,95,0.7865962187995051,0.1,129.60121265479086,deFc,0.2794845558640569,0.41824523966178,0.0027666085513938,312.8683010073043,899.644997234241,255.26097755082424
4,0.0010199627101633165,0.0010199627101633165,0.0010199627101633165,0,0,0,3.8770381673174636e-05,1.0864242719805065e-05,0.0009430578634666314,0.0341743570187855,0.03514631157625204,0.0026785509946917327,-1.0308160575123182e-14,-5.302399144757608e-15,-3.7838655819744105e-17,0.28711361795661366,92.46003349628624,500.00000000000006,95,1,0.1,34.829417257077374,ddFc,0.277497880155915,0.6401447064512934,0.0039302537550196,1523.8062407678651,964.4610933964562,4719.405053963155,10,0.0012473900904303042,0.0012828671729300824,9.776915380307109e-05,0,0,0,0.0008925954560025579,4.716211259359314e-06,9.75532688941899e-05,0.04712017606987299,0.16975087173668754,2.8671614295447166e-05,-1.4585126726154862e-13,-2.592196856471274e-12,-6.884498506825741e-18,0.059227307984424826,99.77918914045628,499.99999999999994,95,0.7865962187995051,0.1,132.80971997011218,deFc,0.2794845558640569,0.41824523966178,0.0027666085513938,312.8683010073043,899.644997234241,255.26097755082424
4,0.0010199627101633165,0.0010199627101633165,0.0010199627101633165,0,0,0,3.8770381673174636e-05,1.0864242719805065e-05,0.0009430578634666314,0.0341743570187855,0.03514631157625204,0.0026785509946917327,-1.0308160575123182e-14,-5.302399144757608e-15,-3.7838655819744105e-17,0.28711361795661366,92.46003349628624,500.00000000000006,95,1,0.1,34.829417257077374,ddFc,0.277497880155915,0.6401447064512934,0.0039302537550196,1523.8062407678651,964.4610933964562,4719.405053963155,11,0.0012473900904303042,0.0012828671729300824,9.776915380307109e-05,0,0,0,0.0009063723111704606,3.773439805738825e-06,9.756014445950485e-05,0.046204639299756115,0.17330493647558948,2.8318762003029688e-05,-3.718108720213165e-15,-4.9440920107945985e-14,-6.352747104407253e-19,0.058055489617106736,99.78622158887941,499.99999999999994,95,0.7865962187995051,0.1,135.49041167120313,deFc,0.2794845558640569,0.41824523966178,0.0027666085513938,312.8683010073043,899.644997234241,255.26097755082424
4,0.0010199627101633165,0.0010199627101633165,0.0010199627101633165,0,0,0,3.8770381673174636e-05,1.0864242719805065e-05,0.0009430578634666314,0.0341743570187855,0.03514631157625204,0.0026785509946917327,-1.0308160575123182e-14,-5.302399144757608e-15,-3.7838655819744105e-17,0.28711361795661366,92.46003349628624,500.00000000000006,95,1,0.1,34.829417257077374,ddFc,0.277497880155915,0.6401447064512934,0.0039302537550196,1523.8062407678651,964.4610933964562,4719.405053963155,12,0.0012473900904303042,0.0012828671729300824,9.776915380307109e-05,0,0,0,0.0009172651259922037,3.032812287683531e-06,9.75655805932794e-05,0.045454234830007725,0.17621778974261185,2.802958115790649e-05,-1.3509159069169385e-16,-3.161533534967731e-16,-6.148929801474187e-20,0.057128901130909626,99.79178176155465,499.99999999999994,95,0.7865962187995051,0.1,137.6879658506011,deFc,0.2794845558640569,0.41824523966178,0.0027666085513938,312.8683010073043,899.644997234241,255.26097755082424
4,0.0010199627101633165,0.0010199627101633165,0.0010199627101633165,0,0,0,3.8770381673174636e-05,1.0864242719805065e-05,0.0009430578634666314,0.0341743570187855,0.03514631157625204,0.0026785509946917327,-1.0308160575123182e-14,-5.302399144757608e-15,-3.7838655819744105e-17,0.28711361795661366,92.46003349628624,500.00000000000006,95,1,0.1,34.829417257077374,ddFc,0.277497880155915,0.6401447064512934,0.0039302537550196,1523.8062407678651,964.4610933964562,4719.405053963155,13,0.0012473900904303042,0.0012828671729300824,9.776915380307109e-05,0,0,0,0.0009259095222934639,2.4435640670998046e-06,9.756989454682268e-05,0.04484114300478156,0.1785976009454364,2.779332154927271e-05,-7.781454517200026e-14,-1.5043873265174756e-12,-6.287843204823892e-18,0.05639361141280559,99.79619414866804,499.99999999999994,95,0.7865962187995051,0.1,139.48321433815616,deFc,0.2794845558640569,0.41824523966178,0.0027666085513938,312.8683010073043,899.644997234241,255.26097755082424
5,0.0010199627101633165,0.0010199627101633165,0.0010199627101633165,0,0,0,4.159086891079913e-05,8.794710405447589e-06,0.000957326007008689,0.04020853801985187,0.0415563748362184,0.002574205587258124,-2.5229384553737688e-14,-6.509506475516069e-14,-5.414234598849488e-17,0.2433244006023552,93.85892223995148,500.00000000000006,95,1,0.1,41.09739909045195,ddFc,0.277497880155915,0.6401447064512934,0.0039302537550196,1523.8062407678651,964.4610933964562,4719.405053963155,4,0.0012489512674726164,0.001290817562121681,7.99595680239301e-05,0,0,0,0.0006718749610849167,2.691690466921824e-05,7.968583444037641e-05,0.057536261181479434,0.1260147358844251,2.729207001423007e-05,-4.90059381963448e-17,2.0448052973076614e-16,-1.1911400820763599e-20,0.0785687887358315,99.65766000202532,500.00000000000006,95,0.7833546966628926,0.1,99.70303847966052,deFc,0.2794845558640569,0.41824523966178,0.0027666085513938,312.8683010073043,899.644997234241,255.26097755082424
5,0.0010199627101633165,0.0010199627101633165,0.0010199627101633165,0,0,0,4.159086891079913e-05,8.794710405447589e-06,0.000957326007008689,0.04020853801985187,0.0415563748362184,0.002574205587258124,-2.5229384553737688e-14,-6.509506475516069e-14,-5.414234598849488e-17,0.2433244006023552,93.85892223995148,500.00000000000006,95,1,0.1,41.09739909045195,ddFc,0.277497880155915,0.6401447064512934,0.0039302537550196,1523.8062407678651,964.4610933964562,4719.405053963155,5,0.0012489512674726164,0.001290817562121681,7.99595680239301e-05,0,0,0,0.0007305827604440159,1.7478551560536123e-05,7.971514540966684e-05,0.055656430174089756,0.13671645491975784,2.6243280466519725e-05,-1.5500409658066039e-12,-1.638705187170797e-11,-4.475409749892423e-17,0.0729594774337623,99.69431724019556,500.00000000000006,95,0.7833546966628926,0.1,107.36846318205562,deFc,0.2794845558640569,0.41824523966178,0.0027666085513938,312.8683010073043,899.644997234241,255.26097755082424
5,0.0010199627101633165,0.0010199627101633165,0.0010199627101633165,0,0,0,4.159086891079913e-05,8.794710405447589e-06,0.000957326007008689,0.04020853801985187,0.0415563748362184,0.002574205587258124,-2.5229384553737688e-14,-6.509506475516069e-14,-5.414234598849488e-17,0.2433244006023552,93.85892223995148,500.00000000000006,95,1,0.1,41.09739909045195,ddFc,0.277497880155915,0.6401447064512934,0.0039302537550196,1523.8062407678651,964.4610933964562,4719.405053963155,6,0.0012489512674726164,0.001290817562121681,7.99595680239301e-05,0,0,0,0.0007778710307498875,1.2065574139159908e-05,7.973558839971602e-05,0.05360112419387277,0.1455007847449039,2.548516944356299e-05,-2.4362022815749285e-16,-6.722053469410127e-17,-7.284483346386983e-20,0.06884611498208915,99.71988389913882,500.00000000000006,95,0.7833546966628926,0.1,113.78342799251467,deFc,0.2794845558640569,0.41824523966178,0.0027666085513938,312.8683010073043,899.644997234241,255.26097755082424
5,0.0010199627101633165,0.0010199627101633165,0.0010199627101633165,0,0,0,4.159086891079913e-05,8.794710405447589e-06,0.000957326007008689,0.04020853801985187,0.0415563748362184,0.002574205587258124,-2.5229384553737688e-14,-6.509506475516069e-14,-5.414234598849488e-17,0.2433244006023552,93.85892223995148,500.00000000000006,95,1,0.1,41.09739909045195,ddFc,0.277497880155915,0.6401447064512934,0.0039302537550196,1523.8062407678651,964.4610933964562,4719.405053963155,7,0.0012489512674726164,0.001290817562121681,7.99595680239301e-05,0,0,0,0.0008159628625804027,8.814912697657817e-06,7.975133772439659e-05,0.05169456094341559,0.1530585192224887,2.4860651665778074e-05,-6.290432584543648e-15,-6.467959848266425e-14,-6.852761241083307e-19,0.06561299571737296,99.7395805096506,500.00000000000006,95,0.7833546966628926,0.1,119.39017386695491,deFc,0.2794845558640569,0.41824523966178,0.0027666085513938,312.8683010073043,899.644997234241,255.26097755082424
5,0.0010199627101633165,0.0010199627101633165,0.0010199627101633165,0,0,0,4.159086891079913e-05,8.794710405447589e-06,0.000957326007008689,0.04020853801985187,0.0415563748362184,0.002574205587258124,-2.5229384553737688e-14,-6.509506475516069e-14,-5.414234598849488e-17,0.2433244006023552,93.85892223995148,500.00000000000006,95,1,0.1,41.09739909045195,ddFc,0.277497880155915,0.6401447064512934,0.0039302537550196,1523.8062407678651,964.4610933964562,4719.405053963155,8,0.0012489512674726164,0.001290817562121681,7.99595680239301e-05,0,0,0,0.0008460690020258257,6.692381933593352e-06,7.97636375861258e-05,0.05003951353056066,0.15949324368893728,2.4335307443220757e-05,-1.8432954815295055e-14,-2.450537602699532e-13,-1.3314299139653533e-18,0.06307010052478156,99.7549631111743,500.00000000000006,95,0.7833546966628926,0.1,124.2038129232244,deFc,0.2794845558640569,0.41824523966178,0.0027666085513938,312.8683010073043,899.644997234241,255.26097755082424
5,0.0010199627101633165,0.0010199627101633165,0.0010199627101633165,0,0,0,4.159086891079913e-05,8.794710405447589e-06,0.000957326007008689,0.04020853801985187,0.0415563748362184,0.002574205587258124,-2.5229384553737688e-14,-6.509506475516069e-14,-5.414234598849488e-17,0.2433244006023552,93.85892223995148,500.00000000000006,95,1,0.1,41.09739909045195,ddFc,0.277497880155915,0.6401447064512934,0.0039302537550196,1523.8062407678651,964.4610933964562,4719.405053963155,9,0.0012489512674726164,0.001290817562121681,7.99595680239301e-05,0,0,0,0.0008687941776059591,5.114954221894784e-06,7.977289199673556e-05,0.04869607058448691,0.1646915620974699,2.3912191138803967e-05,-3.919802850360643e-14,-5.76900072851716e-13,-2.6153730433252625e-18,0.061154388492037956,99.76653697386325,500.00000000000006,95,0.7833546966628926,0.1,128.0946005640923,deFc,0.2794845558640569,0.41824523966178,0.0027666085513938,312.8683010073043,899.644997234241,255.26097755082424
5,0.0010199627101633165,0.0010199627101633165,0.0010199627101633165,0,0,0,4.159086891079913e-05,8.794710405447589e-06,0.000957326007008689,0.04020853801985187,0.0415563748362184,0.002574205587258124,-2.5229384553737688e-14,-6.509506475516069e-14,-5.414234598849488e-17,0.2433244006023552,93.85892223995148,500.00000000000006,95,1,0.1,41.09739909045195,ddFc,0.277497880155915,0.6401447064512934,0.0039302537550196,1523.8062407678651,964.4610933964562,4719.405053963155,10,0.0012489512674726164,0.001290817562121681,7.99595680239301e-05,0,0,0,0.0008887072033337948,4.145446671950548e-06,7.978100410365803e-05,0.047454234512384105,0.1694907604342664,2.352187028006027e-05,-8.132058394727526e-14,-1.375372255321694e-12,-3.897436818333451e-18,0.059467586521862355,99.77668223492826,500.00000000000006,95,0.7833546966628926,0.1,131.72801226343768,deFc,0.2794845558640569,0.41824523966178,0.0027666085513938,312.8683010073043,899.644997234241,255.26097755082424
5,0.0010199627101633165,0.0010199627101633165,0.0010199627101633165,0,0,0,4.159086891079913e-05,8.794710405447589e-06,0.000957326007008689,0.04020853801985187,0.0415563748362184,0.002574205587258124,-2.5229384553737688e-14,-6.509506475516069e-14,-5.414234598849488e-17,0.2433244006023552,93.85892223995148,500.00000000000006,95,1,0.1,41.09739909045195,ddFc,0.277497880155915,0.6401447064512934,0.0039302537550196,1523.8062407678651,964.4610933964562,4719.405053963155,11,0.0012489512674726164,0.001290817562121681,7.99595680239301e-05,0,0,0,0.0009027381465317218,3.2451566826523603e-06,7.978671358907032e-05,0.04653207909676215,0.1730535829098909,2.323215311058495e-05,-2.091512726898337e-14,-3.5623023628139627e-13,-1.5441145930649878e-18,0.05828402246809438,99.78382270048277,500.00000000000006,95,0.7833546966628926,0.1,134.40299133295298,deFc,0.2794845558640569,0.41824523966178,0.0027666085513938,312.8683010073043,899.644997234241,255.26097755082424
5,0.0010199627101633165,0.0010199627101633165,0.0010199627101633165,0,0,0,4.159086891079913e-05,8.794710405447589e-06,0.000957326007008689,0.04020853801985187,0.0415563748362184,0.002574205587258124,-2.5229384553737688e-14,-6.509506475516069e-14,-5.414234598849488e-17,0.2433244006023552,93.85892223995148,500.00000000000006,95,1,0.1,41.09739909045195,ddFc,0.277497880155915,0.6401447064512934,0.0039302537550196,1523.8062407678651,964.4610933964562,4719.405053963155,12,0.0012489512674726164,0.001290817562121681,7.99595680239301e-05,0,0,0,0.0009145970451665727,2.6093051196821336e-06,7.979154202928864e-05,0.04572515129525384,0.17617099926294805,2.2978666079095033e-05,-6.885225896369196e-16,-6.592382889580861e-15,-1.6625668567825814e-19,0.05728093685288324,99.7898613026634,500.00000000000006,95,0.7833546966628926,0.1,136.75661392808772,deFc,0.2794845558640569,0.41824523966178,0.0027666085513938,312.8683010073043,899.644997234241,255.26097755082424
5,0.0010199627101633165,0.0010199627101633165,0.0010199627101633165,0,0,0,4.159086891079913e-05,8.794710405447589e-06,0.000957326007008689,0.04020853801985187,0.0415563748362184,0.002574205587258124,-2.5229384553737688e-14,-6.509506475516069e-14,-5.414234598849488e-17,0.2433244006023552,93.85892223995148,500.00000000000006,95,1,0.1,41.09739909045195,ddFc,0.277497880155915,0.6401447064512934,0.0039302537550196,1523.8062407678651,964.4610933964562,4719.405053963155,13,0.0012489512674726164,0.001290817562121681,7.99595680239301e-05,0,0,0,0.0009241398225818822,2.1137910125888005e-06,7.979542779190355e-05,0.045055288576125674,0.17875884981848297,2.276824181299863e-05,-5.41071094178891e-16,-3.636414086516382e-15,-1.5656874634403708e-19,0.05647340832267681,99.79472096200242,500.00000000000006,95,0.7833546966628926,0.1,138.71213371556638,deFc,0.2794845558640569,0.41824523966178,0.0027666085513938,312.8683010073043,899.644997234241,255.26097755082424
6,0.0010199627101633165,0.0010199627101633165,0.0010199627101633165,0,0,0,4.3811894942046615e-05,6.978170390164103e-06,0.0009650112413354887,0.044426265077780906,0.04610262982104743,0.002500933751722763,1.1492543028346347e-17,-7.611099250848241e-17,-9.486769009248164e-19,0.21972380831749566,94.61240413200704,500.00000000000006,95,1,0.1,45.51168158140713,ddFc,0.277497880155915,0.6401447064512934,0.0039302537550196,1523.8062407678651,964.4610933964562,4719.405053963155,4,0.0012489060216730567,0.0012960317933020805,7.03059601536048e-05,0,0,0,0.0006572851924323015,2.4780163099741815e-05,7.00594465635543e-05,0.057963825654259185,0.12455039480313579,2.4152075195576835e-05,-1.1828645701816853e-16,3.723150260315222e-16,-3.986348808015551e-20,0.07977624233316864,99.64937028167752,499.99999999999994,95,0.7816046990578117,0.1,97.97461953567637,deFc,0.2794845558640569,0.41824523966178,0.0027666085513938,312.8683010073043,899.644997234241,255.26097755082424
6,0.0010199627101633165,0.0010199627101633165,0.0010199627101633165,0,0,0,4.3811894942046615e-05,6.978170390164103e-06,0.0009650112413354887,0.044426265077780906,0.04610262982104743,0.002500933751722763,1.1492543028346347e-17,-7.611099250848241e-17,-9.486769009248164e-19,0.21972380831749566,94.61240413200704,500.00000000000006,95,1,0.1,45.51168158140713,ddFc,0.277497880155915,0.6401447064512934,0.0039302537550196,1523.8062407678651,964.4610933964562,4719.405053963155,5,0.0012489060216730567,0.0012960317933020805,7.03059601536048e-05,0,0,0,0.0007187323380987658,1.6011090254552963e-05,7.008672289079023e-05,0.056104294547105825,0.13545496877488764,2.3200230968980827e-05,-2.0117889559106983e-12,-2.1625544020451026e-11,-5.1052899192503224e-17,0.07385998661159895,99.68816688893007,499.99999999999994,95,0.7816046990578117,0.1,105.82248046807372,deFc,0.2794845558640569,0.41824523966178,0.0027666085513938,312.8683010073043,899.644997234241,255.26097755082424
6,0.0010199627101633165,0.0010199627101633165,0.0010199627101633165,0,0,0,4.3811894942046615e-05,6.978170390164103e-06,0.0009650112413354887,0.044426265077780906,0.04610262982104743,0.002500933751722763,1.1492543028346347e-17,-7.611099250848241e-17,-9.486769009248164e-19,0.21972380831749566,94.61240413200704,500.00000000000006,95,1,0.1,45.51168158140713,ddFc,0.277497880155915,0.6401447064512934,0.0039302537550196,1523.8062407678651,964.4610933964562,4719.405053963155,6,0.0012489060216730567,0.0012960317933020805,7.03059601536048e-05,0,0,0,0.0007685774247214554,1.1034958441689884e-05,7.010572960030731e-05,0.05400423865116242,0.14447458713963163,2.2512293988202893e-05,-1.0252757844109173e-15,-4.946347151313368e-15,-1.90370654895404e-19,0.06951807818184316,99.71520116806595,499.99999999999994,95,0.7816046990578117,0.1,112.43186225794608,deFc,0.2794845558640569,0.41824523966178,0.0027666085513938,312.8683010073043,899.644997234241,255.26097755082424
6,0.0010199627101633165,0.0010199627101633165,0.0010199627101633165,0,0,0,4.3811894942046615e-05,6.978170390164103e-06,0.0009650112413354887,0.044426265077780906,0.04610262982104743,0.002500933751722763,1.1492543028346347e-17,-7.611099250848241e-17,-9.486769009248164e-19,0.21972380831749566,94.61240413200704,500.00000000000006,95,1,0.1,45.51168158140713,ddFc,0.277497880155915,0.6401447064512934,0.0039302537550196,1523.8062407678651,964.4610933964562,4719.405053963155,7,0.0012489060216730567,0.0012960317933020805,7.03059601536048e-05,0,0,0,0.0008080757112918143,7.998611149450783e-06,7.012009532294883e-05,0.05207010898002743,0.15214023765582405,2.195403029027783e-05,-3.353242163106618e-14,-4.3892667278555564e-13,-1.707486072766661e-18,0.06617136949853251,99.7356343185558,499.99999999999994,95,0.7816046990578117,0.1,118.11825944982827,deFc,0.2794845558640569,0.41824523966178,0.0027666085513938,312.8683010073043,899.644997234241,255.26097755082424
6,0.0010199627101633165,0.0010199627101633165,0.0010199627101633165,0,0,0,4.3811894942046615e-05,6.978170390164103e-06,0.0009650112413354887,0.044426265077780906,0.04610262982104743,0.002500933751722763,1.1492543028346347e-17,-7.611099250848241e-17,-9.486769009248164e-19,0.21972380831749566,94.61240413200704,500.00000000000006,95,1,0.1,45.51168158140713,ddFc,0.277497880155915,0.6401447064512934,0.0039302537550196,1523.8062407678651,964.4610933964562,4719.405053963155,8,0.0012489060216730567,0.0012960317933020805,7.03059601536048e-05,0,0,0,0.0008393145317456969,6.024135320164471e-06,7.013131128853519e-05,0.05038400867002027,0.1586843443356785,2.1483624900052362e-05,-1.358505322124337e-15,-1.1156223514441344e-14,-2.0942889620862576e-19,0.06353973049650645,99.75158739787062,499.99999999999994,95,0.7816046990578117,0.1,123.01038939735288,deFc,0.2794845558640569,0.41824523966178,0.0027666085513938,312.8683010073043,899.644997234241,255.26097755082424
6,0.0010199627101633165,0.0010199627101633165,0.0010199627101633165,0,0,0,4.3811894942046615e-05,6.978170390164103e-06,0.0009650112413354887,0.044426265077780906,0.04610262982104743,0.002500933751722763,1.1492543028346347e-17,-7.611099250848241e-17,-9.486769009248164e-19,0.21972380831749566,94.61240413200704,500.00000000000006,95,1,0.1,45.51168158140713,ddFc,0.277497880155915,0.6401447064512934,0.0039302537550196,1523.8062407678651,964.4610933964562,4719.405053963155,9,0.0012489060216730567,0.0012960317933020805,7.03059601536048e-05,0,0,0,0.0008643516043661388,4.687448876973676e-06,7.014027341650216e-05,0.04892857087558619,0.1643034916695541,2.1081061322091126e-05,-2.6342307241772334e-13,-4.390743194374047e-12,-8.973202345416041e-18,0.06143027161742088,99.76433472106682,499.99999999999994,95,0.7816046990578117,0.1,127.2344527345632,deFc,0.2794845558640569,0.41824523966178,0.0027666085513938,312.8683010073043,899.644997234241,255.26097755082424
6,0.0010199627101633165,0.0010199627101633165,0.0010199627101633165,0,0,0,4.3811894942046615e-05,6.978170390164103e-06,0.0009650112413354887,0.044426265077780906,0.04610262982104743,0.002500933751722763,1.1492543028346347e-17,-7.611099250848241e-17,-9.486769009248164e-19,0.21972380831749566,94.61240413200704,500.00000000000006,95,1,0.1,45.51168158140713,ddFc,0.277497880155915,0.6401447064512934,0.0039302537550196,1523.8062407678651,964.4610933964562,4719.405053963155,10,0.0012489060216730567,0.0012960317933020805,7.03059601536048e-05,0,0,0,0.0008838863138884347,3.6896291036143433e-06,7.014726068985121e-05,0.047721666742619254,0.16895723919153946,2.0747928837659672e-05,-1.3500485451789501e-15,-1.2603850255143989e-14,-2.141934565369312e-19,0.059784399483206505,99.7742731008767,499.99999999999994,95,0.7816046990578117,0.1,130.7372334278218,deFc,0.2794845558640569,0.41824523966178,0.0027666085513938,312.8683010073043,899.644997234241,255.26097755082424
6,0.0010199627101633165,0.0010199627101633165,0.0010199627101633165,0,0,0,4.3811894942046615e-05,6.978170390164103e-06,0.0009650112413354887,0.044426265077780906,0.04610262982104743,0.002500933751722763,1.1492543028346347e-17,-7.611099250848241e-17,-9.486769009248164e-19,0.21972380831749566,94.61240413200704,500.00000000000006,95,1,0.1,45.51168158140713,ddFc,0.277497880155915,0.6401447064512934,0.0039302537550196,1523.8062407678651,964.4610933964562,4719.405053963155,11,0.0012489060216730567,0.0012960317933020805,7.03059601536048e-05,0,0,0,0.00089955468178668,2.947190055144891e-06,7.015286504098619e-05,0.04670539229801978,0.17287474478412115,2.04675536514959e-05,-6.042979701706419e-14,-1.1218424193076837e-12,-2.794944028143174e-18,0.05846319568315488,99.78224447502868,499.99999999999994,95,0.7816046990578117,0.1,133.69175083992494,deFc,0.2794845558640569,0.41824523966178,0.0027666085513938,312.8683010073043,899.644997234241,255.26097755082424
6,0.0010199627101633165,0.0010199627101633165,0.0010199627101633165,0,0,0,4.3811894942046615e-05,6.978170390164103e-06,0.0009650112413354887,0.044426265077780906,0.04610262982104743,0.002500933751722763,1.1492543028346347e-17,-7.611099250848241e-17,-9.486769009248164e-19,0.21972380831749566,94.61240413200704,500.00000000000006,95,1,0.1,45.51168158140713,ddFc,0.277497880155915,0.6401447064512934,0.0039302537550196,1523.8062407678651,964.4610933964562,4719.405053963155,12,0.0012489060216730567,0.0012960317933020805,7.03059601536048e-05,0,0,0,0.0009118852841741631,2.358354931142564e-06,7.015727519342168e-05,0.04587261770426056,0.17608467512391895,2.0237829836435797e-05,-1.0240289519125589e-16,1.192622389734055e-16,-2.889176443525215e-20,0.05742357975021366,99.78851727526617,499.99999999999994,95,0.7816046990578117,0.1,136.11215156869483,deFc,0.2794845558640569,0.41824523966178,0.0027666085513938,312.8683010073043,899.644997234241,255.26097755082424
6,0.0010199627101633165,0.0010199627101633165,0.0010199627101633165,0,0,0,4.3811894942046615e-05,6.978170390164103e-06,0.0009650112413354887,0.044426265077780906,0.04610262982104743,0.002500933751722763,1.1492543028346347e-17,-7.611099250848241e-17,-9.486769009248164e-19,0.21972380831749566,94.61240413200704,500.00000000000006,95,1,0.1,45.51168158140713,ddFc,0.277497880155915,0.6401447064512934,0.0039302537550196,1523.8062407678651,964.4610933964562,4719.405053963155,13,0.0012489060216730567,0.0012960317933020805,7.03059601536048e-05,0,0,0,0.0009220982549548463,1.921497583597842e-06,7.016092900228866e-05,0.04516057731520557,0.1788291895622045,2.0041416358845323e-05,-1.2837495823314615e-15,-1.6393136847980827e-14,-1.9526756412171793e-19,0.056561386355621565,99.79371428681256,499.99999999999994,95,0.7816046990578117,0.1,138.1869769145305,deFc,0.2794845558640569,0.41824523966178,0.0027666085513938,312.8683010073043,899.644997234241,255.26097755082424
7,0.0010199627101633165,0.0010199627101633165,0.0010199627101633165,0,0,0,4.558390591607667e-05,5.448966888662826e-06,0.0009696245832576936,0.04740403469969772,0.04935662032043641,0.002448976008253236,1.8431436932253575e-18,3.0357660829594124e-18,-5.963111948670274e-19,0.2055476523084756,95.0647090914174,500.00000000000006,95,1,0.1,48.65051917495268,ddFc,0.277497880155915,0.6401447064512934,0.0039302537550196,1523.8062407678651,964.4610933964562,4719.405053963155,4,0.0012483206707180272,0.001299739352844054,6.449044670061659e-05,0,0,0,0.0006469681800712547,2.3426423229146386e-05,6.426062730626749e-05,0.05822193613923497,0.12357046996135349,2.2250727001992944e-05,-2.124494156985346e-16,4.464744546295307e-16,-6.686266327388633e-20,0.08062024927447325,99.64363807958102,500.0000000000001,95,0.7805516860397582,0.1,96.81831711811685,deFc,0.2794845558640569,0.41824523966178,0.0027666085513938,312.8683010073043,899.644997234241,255.26097755082424
7,0.0010199627101633165,0.0010199627101633165,0.0010199627101633165,0,0,0,4.558390591607667e-05,5.448966888662826e-06,0.0009696245832576936,0.04740403469969772,0.04935662032043641,0.002448976008253236,1.8431436932253575e-18,3.0357660829594124e-18,-5.963111948670274e-19,0.2055476523084756,95.0647090914174,500.00000000000006,95,1,0.1,48.65051917495268,ddFc,0.277497880155915,0.6401447064512934,0.0039302537550196,1523.8062407678651,964.4610933964562,4719.405053963155,5,0.0012483206707180272,0.001299739352844054,6.449044670061659e-05,0,0,0,0.0007102527414644748,1.5086797563252139e-05,6.428661328191259e-05,0.05638111705215872,0.13461153275250137,2.1358559220185578e-05,-4.167240337527023e-12,-4.5821724669811714e-11,-8.836372113720989e-17,0.07449122250655044,99.68393238203132,500.0000000000001,95,0.7805516860397582,0.1,104.78438395491762,deFc,0.2794845558640569,0.41824523966178,0.0027666085513938,312.8683010073043,899.644997234241,255.26097755082424
7,0.0010199627101633165,0.0010199627101633165,0.0010199627101633165,0,0,0,4.558390591607667e-05,5.448966888662826e-06,0.0009696245832576936,0.04740403469969772,0.04935662032043641,0.002448976008253236,1.8431436932253575e-18,3.0357660829594124e-18,-5.963111948670274e-19,0.2055476523084756,95.0647090914174,500.00000000000006,95,1,0.1,48.65051917495268,ddFc,0.277497880155915,0.6401447064512934,0.0039302537550196,1523.8062407678651,964.4610933964562,4719.405053963155,6,0.0012483206707180272,0.001299739352844054,6.449044670061659e-05,0,0,0,0.000761799028020861,1.0383754051614078e-05,6.430469174077253e-05,0.05425460882591122,0.14378288140203085,2.071452079268391e-05,-3.711115616200633e-15,-3.0919277554941615e-14,-3.9630554019660577e-19,0.06999502839000311,99.71196515244128,500.0000000000001,95,0.7805516860397582,0.1,111.51530387138736,deFc,0.2794845558640569,0.41824523966178,0.0027666085513938,312.8683010073043,899.644997234241,255.26097755082424
7,0.0010199627101633165,0.0010199627101633165,0.0010199627101633165,0,0,0,4.558390591607667e-05,5.448966888662826e-06,0.0009696245832576936,0.04740403469969772,0.04935662032043641,0.002448976008253236,1.8431436932253575e-18,3.0357660829594124e-18,-5.963111948670274e-19,0.2055476523084756,95.0647090914174,500.00000000000006,95,1,0.1,48.65051917495268,ddFc,0.277497880155915,0.6401447064512934,0.0039302537550196,1523.8062407678651,964.4610933964562,4719.405053963155,7,0.0012483206707180272,0.001299739352844054,6.449044670061659e-05,0,0,0,0.0008024887782867019,7.507926957276513e-06,6.431827635065306e-05,0.052291450000806504,0.1515653236471813,2.0193793663764813e-05,-9.534273327435616e-14,-1.356459866305726e-12,-3.1582682229560656e-18,0.06654908888882267,99.73302968304314,500.0000000000001,95,0.7805516860397582,0.1,117.28961268632133,deFc,0.2794845558640569,0.41824523966178,0.0027666085513938,312.8683010073043,899.644997234241,255.26097755082424
7,0.0010199627101633165,0.0010199627101633165,0.0010199627101633165,0,0,0,4.558390591607667e-05,5.448966888662826e-06,0.0009696245832576936,0.04740403469969772,0.04935662032043641,0.002448976008253236,1.8431436932253575e-18,3.0357660829594124e-18,-5.963111948670274e-19,0.2055476523084756,95.0647090914174,500.00000000000006,95,1,0.1,48.65051917495268,ddFc,0.277497880155915,0.6401447064512934,0.0039302537550196,1523.8062407678651,964.4610933964562,4719.405053963155,8,0.0012483206707180272,0.001299739352844054,6.449044670061659e-05,0,0,0,0.0008346488198471193,5.640803730502888e-06,6.432886844080633e-05,0.050575968139316134,0.15821788901775094,1.9754732894933206e-05,-3.3544673115615264e-15,-3.7636777375227304e-14,-3.4654235454541563e-19,0.06384302121086298,99.74945396089385,500.0000000000001,95,0.7805516860397582,0.1,122.26108214110428,deFc,0.2794845558640569,0.41824523966178,0.0027666085513938,312.8683010073043,899.644997234241,255.26097755082424
7,0.0010199627101633165,0.0010199627101633165,0.0010199627101633165,0,0,0,4.558390591607667e-05,5.448966888662826e-06,0.0009696245832576936,0.04740403469969772,0.04935662032043641,0.002448976008253236,1.8431436932253575e-18,3.0357660829594124e-18,-5.963111948670274e-19,0.2055476523084756,95.0647090914174,500.00000000000006,95,1,0.1,48.65051917495268,ddFc,0.277497880155915,0.6401447064512934,0.0039302537550196,1523.8062407678651,964.4610933964562,4719.405053963155,9,0.0012483206707180272,0.001299739352844054,6.449044670061659e-05,0,0,0,0.0008603267935127466,4.371598568933841e-06,6.433729807287169e-05,0.04909768011441091,0.16391895694600692,1.937979637336514e-05,-2.916140636258224e-14,-4.630748909328908e-13,-1.5032981929191712e-18,0.06168301116246736,99.76252509390133,500.0000000000001,95,0.7805516860397582,0.1,126.54240954350576,deFc,0.2794845558640569,0.41824523966178,0.0027666085513938,312.8683010073043,899.644997234241,255.26097755082424
7,0.0010199627101633165,0.0010199627101633165,0.0010199627101633165,0,0,0,4.558390591607667e-05,5.448966888662826e-06,0.0009696245832576936,0.04740403469969772,0.04935662032043641,0.002448976008253236,1.8431436932253575e-18,3.0357660829594124e-18,-5.963111948670274e-19,0.2055476523084756,95.0647090914174,500.00000000000006,95,1,0.1,48.65051917495268,ddFc,0.277497880155915,0.6401447064512934,0.0039302537550196,1523.8062407678651,964.4610933964562,4719.405053963155,10,0.0012483206707180272,0.001299739352844054,6.449044670061659e-05,0,0,0,0.0008806904701281717,3.4506090787759357e-06,6.434397851053598e-05,0.04785026504854582,0.16872324382055506,1.9064107641999005e-05,-2.559042387717536e-15,-3.0338795711792876e-14,-3.143021629905488e-19,0.05996923373799072,99.7728838958729,500.0000000000001,95,0.7805516860397582,0.1,130.15868927891202,deFc,0.2794845558640569,0.41824523966178,0.0027666085513938,312.8683010073043,899.644997234241,255.26097755082424
7,0.0010199627101633165,0.0010199627101633165,0.0010199627101633165,0,0,0,4.558390591607667e-05,5.448966888662826e-06,0.0009696245832576936,0.04740403469969772,0.04935662032043641,0.002448976008253236,1.8431436932253575e-18,3.0357660829594124e-18,-5.963111948670274e-19,0.2055476523084756,95.0647090914174,500.00000000000006,95,1,0.1,48.65051917495268,ddFc,0.277497880155915,0.6401447064512934,0.0039302537550196,1523.8062407678651,964.4610933964562,4719.405053963155,11,0.0012483206707180272,0.001299739352844054,6.449044670061659e-05,0,0,0,0.0008969537414370212,2.760607578328373e-06,6.434931345966425e-05,0.04680225967207802,0.17275825110023152,1.8799021868054884e-05,-1.8978552453544073e-13,-3.568313830179526e-12,-7.044799492093618e-18,0.05859974522176957,99.78115636009234,500.0000000000001,95,0.7805516860397582,0.1,133.20052554593468,deFc,0.2794845558640569,0.41824523966178,0.0027666085513938,312.8683010073043,899.644997234241,255.26097755082424
7,0.0010199627101633165,0.0010199627101633165,0.0010199627101633165,0,0,0,4.558390591607667e-05,5.448966888662826e-06,0.0009696245832576936,0.04740403469969772,0.04935662032043641,0.002448976008253236,1.8431436932253575e-18,3.0357660829594124e-18,-5.963111948670274e-19,0.2055476523084756,95.0647090914174,500.00000000000006,95,1,0.1,48.65051917495268,ddFc,0.277497880155915,0.6401447064512934,0.0039302537550196,1523.8062407678651,964.4610933964562,4719.405053963155,12,0.0012483206707180272,0.001299739352844054,6.449044670061659e-05,0,0,0,0.0009099879052044854,2.229792666615486e-06,6.435358934801153e-05,0.04592666191141536,0.17612921056172212,1.857757215338551e-05,-2.0984733048456938e-16,-2.255140518769849e-16,-5.505714157152952e-20,0.05750172112958612,99.78778662638143,500.0000000000001,95,0.7805516860397582,0.1,135.74405612672072,deFc,0.2794845558640569,0.41824523966178,0.0027666085513938,312.8683010073043,899.644997234241,255.26097755082424
7,0.0010199627101633165,0.0010199627101633165,0.0010199627101633165,0,0,0,4.558390591607667e-05,5.448966888662826e-06,0.0009696245832576936,0.04740403469969772,0.04935662032043641,0.002448976008253236,1.8431436932253575e-18,3.0357660829594124e-18,-5.963111948670274e-19,0.2055476523084756,95.0647090914174,500.00000000000006,95,1,0.1,48.65051917495268,ddFc,0.277497880155915,0.6401447064512934,0.0039302537550196,1523.8062407678651,964.4610933964562,4719.405053963155,13,0.0012483206707180272,0.001299739352844054,6.449044670061659e-05,0,0,0,0.0009203452342225121,1.8059164665756027e-06,6.435698700991456e-05,0.04520663239523558,0.17890120174515228,1.839547266590126e-05,-7.006656539687572e-16,-5.1380340954088055e-15,-1.4715873969563384e-19,0.05662925247311304,99.79305509958462,500.0000000000001,95,0.7805516860397582,0.1,137.8354210856581,deFc,0.2794845558640569,0.41824523966178,0.0027666085513938,312.8683010073043,899.644997234241,255.26097755082424
8,0.0010199627101633165,0.0010199627101633165,0.0010199627101633165,0,0,0,4.699239240350627e-05,4.196461464465212e-06,0.0009725882521504333,0.04953137665398853,0.05171000569434151,0.002411709875140989,-2.2979990306482012e-14,-3.283083440525081e-13,-2.2937652211646453e-17,0.1964351454593462,95.35527548793449,500.00000000000006,95,1,0.1,50.90738715119377,ddFc,0.277497880155915,0.6401447064512934,0.0039302537550196,1523.8062407678651,964.4610933964562,4719.405053963155,4,0.0012475999054350542,0.0013024753716210636,6.0746323147478995e-05,0,0,0,0.0006398258821345106,2.256132664467904e-05,6.052748397273759e-05,0.058376936903038586,0.12293625357507712,2.101958985745104e-05,-3.1599072317090027e-16,3.874938564463193e-16,-9.370301979000698e-20,0.08119421532490033,99.63974910183434,500.0,95,0.7798736706728933,0.1,96.05039811669005,deFc,0.2794845558640569,0.41824523966178,0.0027666085513938,312.8683010073043,899.644997234241,255.26097755082424
8,0.0010199627101633165,0.0010199627101633165,0.0010199627101633165,0,0,0,4.699239240350627e-05,4.196461464465212e-06,0.0009725882521504333,0.04953137665398853,0.05171000569434151,0.002411709875140989,-2.2979990306482012e-14,-3.283083440525081e-13,-2.2937652211646453e-17,0.1964351454593462,95.35527548793449,500.00000000000006,95,1,0.1,50.90738715119377,ddFc,0.277497880155915,0.6401447064512934,0.0039302537550196,1523.8062407678651,964.4610933964562,4719.405053963155,5,0.0012475999054350542,0.0013024753716210636,6.0746323147478995e-05,0,0,0,0.0007030038066375974,1.435788088689787e-05,6.055215389485014e-05,0.05659873493993555,0.13387136006025313,2.0179604825101655e-05,-9.410874857174178e-17,2.5153490401663703e-16,-1.911118087242515e-20,0.07503986777339232,99.6803604850989,500.0,95,0.7798736706728933,0.1,103.92791109760209,deFc,0.2794845558640569,0.41824523966178,0.0027666085513938,312.8683010073043,899.644997234241,255.26097755082424
8,0.0010199627101633165,0.0010199627101633165,0.0010199627101633165,0,0,0,4.699239240350627e-05,4.196461464465212e-06,0.0009725882521504333,0.04953137665398853,0.05171000569434151,0.002411709875140989,-2.2979990306482012e-14,-3.283083440525081e-13,-2.2937652211646453e-17,0.1964351454593462,95.35527548793449,500.00000000000006,95,1,0.1,50.90738715119377,ddFc,0.277497880155915,0.6401447064512934,0.0039302537550196,1523.8062407678651,964.4610933964562,4719.405053963155,6,0.0012475999054350542,0.0013024753716210636,6.0746323147478995e-05,0,0,0,0.0007564881149548874,9.920502900361462e-06,6.056986074267998e-05,0.054429987415645226,0.14325403422821753,1.9557352640568018e-05,-9.151913168276016e-15,-9.326610664328605e-14,-6.602621823847271e-19,0.07036657051505517,99.70950932392961,500.0,95,0.7798736706728933,0.1,110.83013780045407,deFc,0.2794845558640569,0.41824523966178,0.0027666085513938,312.8683010073043,899.644997234241,255.26097755082424
8,0.0010199627101633165,0.0010199627101633165,0.0010199627101633165,0,0,0,4.699239240350627e-05,4.196461464465212e-06,0.0009725882521504333,0.04953137665398853,0.05171000569434151,0.002411709875140989,-2.2979990306482012e-14,-3.283083440525081e-13,-2.2937652211646453e-17,0.1964351454593462,95.35527548793449,500.00000000000006,95,1,0.1,50.90738715119377,ddFc,0.277497880155915,0.6401447064512934,0.0039302537550196,1523.8062407678651,964.4610933964562,4719.405053963155,7,0.0012475999054350542,0.0013024753716210636,6.0746323147478995e-05,0,0,0,0.0007990944076281139,7.246803336589483e-06,6.058326734619463e-05,0.05239641369825976,0.15131438181977822,1.9048906322944535e-05,-3.035226692378601e-13,-4.534916279302914e-12,-6.952631719520509e-18,0.06675602479388999,99.73157914284211,500.0,95,0.7798736706728933,0.1,116.82446237336065,deFc,0.2794845558640569,0.41824523966178,0.0027666085513938,312.8683010073043,899.644997234241,255.26097755082424
8,0.0010199627101633165,0.0010199627101633165,0.0010199627101633165,0,0,0,4.699239240350627e-05,4.196461464465212e-06,0.0009725882521504333,0.04953137665398853,0.05171000569434151,0.002411709875140989,-2.2979990306482012e-14,-3.283083440525081e-13,-2.2937652211646453e-17,0.1964351454593462,95.35527548793449,500.00000000000006,95,1,0.1,50.90738715119377,ddFc,0.277497880155915,0.6401447064512934,0.0039302537550196,1523.8062407678651,964.4610933964562,4719.405053963155,8,0.0012475999054350542,0.0013024753716210636,6.0746323147478995e-05,0,0,0,0.0008311496168340519,5.387662952510048e-06,6.05932129047265e-05,0.050697032022823406,0.1579023929479066,1.863904310311835e-05,-1.510109311902985e-14,-2.1877486801324952e-13,-8.620413122884625e-19,0.06406264869567468,99.7479514235277,500.0,95,0.7798736706728933,0.1,121.73609529909243,deFc,0.2794845558640569,0.41824523966178,0.0027666085513938,312.8683010073043,899.644997234241,255.26097755082424
8,0.0010199627101633165,0.0010199627101633165,0.0010199627101633165,0,0,0,4.699239240350627e-05,4.196461464465212e-06,0.0009725882521504333,0.04953137665398853,0.05171000569434151,0.002411709875140989,-2.2979990306482012e-14,-3.283083440525081e-13,-2.2937652211646453e-17,0.1964351454593462,95.35527548793449,500.00000000000006,95,1,0.1,50.90738715119377,ddFc,0.277497880155915,0.6401447064512934,0.0039302537550196,1523.8062407678651,964.4610933964562,4719.405053963155,9,0.0012475999054350542,0.0013024753716210636,6.0746323147478995e-05,0,0,0,0.0008577326729472975,4.198330157358632e-06,6.0601434458103125e-05,0.04917686117720254,0.16376136427063642,1.8275890787616024e-05,-4.64329096006022e-14,-7.731482554867997e-13,-1.913765065202685e-18,0.061827286744907686,99.76148566387448,500.0,95,0.7798736706728933,0.1,126.13745673339392,deFc,0.2794845558640569,0.41824523966178,0.0027666085513938,312.8683010073043,899.644997234241,255.26097755082424
8,0.0010199627101633165,0.0010199627101633165,0.0010199627101633165,0,0,0,4.699239240350627e-05,4.196461464465212e-06,0.0009725882521504333,0.04953137665398853,0.05171000569434151,0.002411709875140989,-2.2979990306482012e-14,-3.283083440525081e-13,-2.2937652211646453e-17,0.1964351454593462,95.35527548793449,500.00000000000006,95,1,0.1,50.90738715119377,ddFc,0.277497880155915,0.6401447064512934,0.0039302537550196,1523.8062407678651,964.4610933964562,4719.405053963155,10,0.0012475999054350542,0.0013024753716210636,6.0746323147478995e-05,0,0,0,0.000878293824109505,3.2983328644616482e-06,6.060778785649587e-05,0.0479229562270648,0.16858754163548004,1.7977014247359342e-05,-3.649803983346578e-15,-4.8099762020581416e-14,-3.5772583642713256e-19,0.060098982183860214,99.77194456585168,500.0,95,0.7798736706728933,0.1,129.76487160581746,deFc,0.2794845558640569,0.41824523966178,0.0027666085513938,312.8683010073043,899.644997234241,255.26097755082424
8,0.0010199627101633165,0.0010199627101633165,0.0010199627101633165,0,0,0,4.699239240350627e-05,4.196461464465212e-06,0.0009725882521504333,0.04953137665398853,0.05171000569434151,0.002411709875140989,-2.2979990306482012e-14,-3.283083440525081e-13,-2.2937652211646453e-17,0.1964351454593462,95.35527548793449,500.00000000000006,95,1,0.1,50.90738715119377,ddFc,0.277497880155915,0.6401447064512934,0.0039302537550196,1523.8062407678651,964.4610933964562,4719.405053963155,11,0.0012475999054350542,0.0013024753716210636,6.0746323147478995e-05,0,0,0,0.0008949931094862471,2.6439367523861968e-06,6.061294813131925e-05,0.04685139225361666,0.1727105475507625,1.7721737817613692e-05,-4.025314695281501e-13,-7.80631483933425e-12,-1.2121412052123462e-17,0.05869382817372051,99.78043935953797,500.0,95,0.7798736706728933,0.1,132.87149517060683,deFc,0.2794845558640569,0.41824523966178,0.0027666085513938,312.8683010073043,899.644997234241,255.26097755082424
8,0.0010199627101633165,0.0010199627101633165,0.0010199627101633165,0,0,0,4.699239240350627e-05,4.196461464465212e-06,0.0009725882521504333,0.04953137665398853,0.05171000569434151,0.002411709875140989,-2.2979990306482012e-14,-3.283083440525081e-13,-2.2937652211646453e-17,0.1964351454593462,95.35527548793449,500.00000000000006,95,1,0.1,50.90738715119377,ddFc,0.277497880155915,0.6401447064512934,0.0039302537550196,1523.8062407678651,964.4610933964562,4719.405053963155,12,0.0012475999054350542,0.0013024753716210636,6.0746323147478995e-05,0,0,0,0.000908301195372795,2.135213765333956e-06,6.061706049412385e-05,0.04596017664884842,0.17613937685663758,1.750945171942441e-05,-3.609851133290487e-16,-1.1551089945660564e-15,-8.805172184504469e-20,0.05757378447278509,99.7872090907604,500.0,95,0.7798736706728933,0.1,135.45638484847848,deFc,0.2794845558640569,0.41824523966178,0.0027666085513938,312.8683010073043,899.644997234241,255.26097755082424
8,0.0010199627101633165,0.0010199627101633165,0.0010199627101633165,0,0,0,4.699239240350627e-05,4.196461464465212e-06,0.0009725882521504333,0.04953137665398853,0.05171000569434151,0.002411709875140989,-2.2979990306482012e-14,-3.283083440525081e-13,-2.2937652211646453e-17,0.1964351454593462,95.35527548793449,500.00000000000006,95,1,0.1,50.90738715119377,ddFc,0.277497880155915,0.6401447064512934,0.0039302537550196,1523.8062407678651,964.4610933964562,4719.405053963155,13,0.0012475999054350542,0.0013024753716210636,6.0746323147478995e-05,0,0,0,0.0009188005601726573,1.7236282286225589e-06,6.062030469446467e-05,0.04523201708023985,0.17894082189626376,1.7336010248093723e-05,-7.747329253821045e-15,-1.328585678972427e-13,-6.653708498478546e-19,0.056690364229721214,99.79254966146942,500.0,95,0.7798736706728933,0.1,137.56723585558245,deFc,0.2794845558640569,0.41824523966178,0.0027666085513938,312.8683010073043,899.644997234241,255.26097755082424
9,0.0010199627101633165,0.0010199627101633165,0.0010199627101633165,0,0,0,4.810093556628859e-05,3.1927414400566724e-06,0.0009745798626430022,0.05106780242638158,0.05342756473833775,0.0023847036186436573,-4.78241578283356e-15,-6.689961085104557e-14,-7.277707082808949e-18,0.19030812535997188,95.55053855713534,500.00000000000006,95,1,0.1,52.546363856429075,ddFc,0.277497880155915,0.6401447064512934,0.0039302537550196,1523.8062407678651,964.4610933964562,4719.405053963155,4,0.001246908443427491,0.0013045261087950553,5.822665037222666e-05,0,0,0,0.0006345581095500604,2.1956804072317075e-05,5.801523928472518e-05,0.05847913665854043,0.12248469788514932,2.018964829959889e-05,-4.21320964227867e-16,2.211772431870429e-16,-1.1180834903756764e-19,0.08161480391343699,99.63691696817524,500.0,95,0.7794171093511606,0.1,95.49947705294161,deFc,0.2794845558640569,0.41824523966178,0.0027666085513938,312.8683010073043,899.644997234241,255.26097755082424
9,0.0010199627101633165,0.0010199627101633165,0.0010199627101633165,0,0,0,4.810093556628859e-05,3.1927414400566724e-06,0.0009745798626430022,0.05106780242638158,0.05342756473833775,0.0023847036186436573,-4.78241578283356e-15,-6.689961085104557e-14,-7.277707082808949e-18,0.19030812535997188,95.55053855713534,500.00000000000006,95,1,0.1,52.546363856429075,ddFc,0.277497880155915,0.6401447064512934,0.0039302537550196,1523.8062407678651,964.4610933964562,4719.405053963155,5,0.001246908443427491,0.0013045261087950553,5.822665037222666e-05,0,0,0,0.0007014846353330698,1.424840292984013e-05,5.804022169777073e-05,0.05660867990790231,0.13391589541860677,1.9349139148876785e-05,-9.974659986866641e-17,2.5630539357557325e-16,-1.9852334701272664e-20,0.07509672519620296,99.67982242965351,500.0,95,0.7794171093511606,0.1,103.7884284986863,deFc,0.2794845558640569,0.41824523966178,0.0027666085513938,312.8683010073043,899.644997234241,255.26097755082424
9,0.0010199627101633165,0.0010199627101633165,0.0010199627101633165,0,0,0,4.810093556628859e-05,3.1927414400566724e-06,0.0009745798626430022,0.05106780242638158,0.05342756473833775,0.0023847036186436573,-4.78241578283356e-15,-6.689961085104557e-14,-7.277707082808949e-18,0.19030812535997188,95.55053855713534,500.00000000000006,95,1,0.1,52.546363856429075,ddFc,0.277497880155915,0.6401447064512934,0.0039302537550196,1523.8062407678651,964.4610933964562,4719.405053963155,6,0.001246908443427491,0.0013045261087950553,5.822665037222666e-05,0,0,0,0.0007530991223003042,9.650531906245692e-06,5.805664188332401e-05,0.0545241987348774,0.14297432284044762,1.877157080403196e-05,-1.5640429489732766e-14,-1.7304278669694195e-13,-8.876905287225068e-19,0.07058947083857897,99.70802289361342,500.0,95,0.7794171093511606,0.1,110.41549116205996,deFc,0.2794845558640569,0.41824523966178,0.0027666085513938,312.8683010073043,899.644997234241,255.26097755082424
9,0.0010199627101633165,0.0010199627101633165,0.0010199627101633165,0,0,0,4.810093556628859e-05,3.1927414400566724e-06,0.0009745798626430022,0.05106780242638158,0.05342756473833775,0.0023847036186436573,-4.78241578283356e-15,-6.689961085104557e-14,-7.277707082808949e-18,0.19030812535997188,95.55053855713534,500.00000000000006,95,1,0.1,52.546363856429075,ddFc,0.277497880155915,0.6401447064512934,0.0039302537550196,1523.8062407678651,964.4610933964562,4719.405053963155,7,0.001246908443427491,0.0013045261087950553,5.822665037222666e-05,0,0,0,0.0007957282540705274,6.998461770819237e-06,5.8069508035254133e-05,0.05250299291319888,0.15099086099915915,1.8286359171895558e-05,-4.79289351262846e-13,-7.322062010525765e-12,-9.473348830990103e-18,0.06697857397306563,99.73011956558044,500.0,95,0.7794171093511606,0.1,116.36812537462963,deFc,0.2794845558640569,0.41824523966178,0.0027666085513938,312.8683010073043,899.644997234241,255.26097755082424
9,0.0010199627101633165,0.0010199627101633165,0.0010199627101633165,0,0,0,4.810093556628859e-05,3.1927414400566724e-06,0.0009745798626430022,0.05106780242638158,0.05342756473833775,0.0023847036186436573,-4.78241578283356e-15,-6.689961085104557e-14,-7.277707082808949e-18,0.19030812535997188,95.55053855713534,500.00000000000006,95,1,0.1,52.546363856429075,ddFc,0.277497880155915,0.6401447064512934,0.0039302537550196,1523.8062407678651,964.4610933964562,4719.405053963155,8,0.001246908443427491,0.0013045261087950553,5.822665037222666e-05,0,0,0,0.000828058839850237,5.179215523343669e-06,5.807912582446218e-05,0.050800203541569375,0.15759137911555604,1.7892525119513158e-05,-2.5391798039176017e-14,-3.922940531447816e-13,-1.1271758596688593e-18,0.06426323607765004,99.74663741290045,500.0,95,0.7794171093511606,0.1,121.28507011526489,deFc,0.2794845558640569,0.41824523966178,0.0027666085513938,312.8683010073043,899.644997234241,255.26097755082424
9,0.0010199627101633165,0.0010199627101633165,0.0010199627101633165,0,0,0,4.810093556628859e-05,3.1927414400566724e-06,0.0009745798626430022,0.05106780242638158,0.05342756473833775,0.0023847036186436573,-4.78241578283356e-15,-6.689961085104557e-14,-7.277707082808949e-18,0.19030812535997188,95.55053855713534,500.00000000000006,95,1,0.1,52.546363856429075,ddFc,0.277497880155915,0.6401447064512934,0.0039302537550196,1523.8062407678651,964.4610933964562,4719.405053963155,9,0.001246908443427491,0.0013045261087950553,5.822665037222666e-05,0,0,0,0.0008565060009410816,4.134296539892198e-06,5.808756305795971e-05,0.04918274198597575,0.1638228352946325,1.752216365847203e-05,-5.958075829579079e-14,-1.0106698464240615e-12,-2.2124500582282325e-18,0.06186851952108254,99.76112774240352,500.0,95,0.7794171093511606,0.1,125.97959598589773,deFc,0.2794845558640569,0.41824523966178,0.0027666085513938,312.8683010073043,899.644997234241,255.26097755082424
9,0.0010199627101633165,0.0010199627101633165,0.0010199627101633165,0,0,0,4.810093556628859e-05,3.1927414400566724e-06,0.0009745798626430022,0.05106780242638158,0.05342756473833775,0.0023847036186436573,-4.78241578283356e-15,-6.689961085104557e-14,-7.277707082808949e-18,0.19030812535997188,95.55053855713534,500.00000000000006,95,1,0.1,52.546363856429075,ddFc,0.277497880155915,0.6401447064512934,0.0039302537550196,1523.8062407678651,964.4610933964562,4719.405053963155,10,0.001246908443427491,0.0013045261087950553,5.822665037222666e-05,0,0,0,0.0008759476692054277,3.1589852551281283e-06,5.80933193836262e-05,0.04799793091215696,0.16838149375956288,1.725145089165921e-05,-4.219118544118716e-15,-5.853325636684392e-14,-3.6755935954916295e-19,0.060238674633746825,99.77101380940152,500.0,95,0.7794171093511606,0.1,129.38815704197393,deFc,0.2794845558640569,0.41824523966178,0.0027666085513938,312.8683010073043,899.644997234241,255.26097755082424
9,0.0010199627101633165,0.0010199627101633165,0.0010199627101633165,0,0,0,4.810093556628859e-05,3.1927414400566724e-06,0.0009745798626430022,0.05106780242638158,0.05342756473833775,0.0023847036186436573,-4.78241578283356e-15,-6.689961085104557e-14,-7.277707082808949e-18,0.19030812535997188,95.55053855713534,500.00000000000006,95,1,0.1,52.546363856429075,ddFc,0.277497880155915,0.6401447064512934,0.0039302537550196,1523.8062407678651,964.4610933964562,4719.405053963155,11,0.001246908443427491,0.0013045261087950553,5.822665037222666e-05,0,0,0,0.0008929199636737198,2.5272398743553944e-06,5.80983471938631e-05,0.046913595741714866,0.1725520828489044,1.700383986439637e-05,-9.135021298428692e-13,-1.8201365111283896e-11,-2.2896835811500637e-17,0.05881124100267337,99.77964870459944,500.0,95,0.7794171093511606,0.1,132.52859420458935,deFc,0.2794845558640569,0.41824523966178,0.0027666085513938,312.8683010073043,899.644997234241,255.26097755082424
9,0.0010199627101633165,0.0010199627101633165,0.0010199627101633165,0,0,0,4.810093556628859e-05,3.1927414400566724e-06,0.0009745798626430022,0.05106780242638158,0.05342756473833775,0.0023847036186436573,-4.78241578283356e-15,-6.689961085104557e-14,-7.277707082808949e-18,0.19030812535997188,95.55053855713534,500.00000000000006,95,1,0.1,52.546363856429075,ddFc,0.277497880155915,0.6401447064512934,0.0039302537550196,1523.8062407678651,964.4610933964562,4719.405053963155,12,0.001246908443427491,0.0013045261087950553,5.822665037222666e-05,0,0,0,0.0009064551807073979,2.036663597275548e-06,5.810235682252343e-05,0.04601057734135163,0.1760250169901556,1.6797659496500486e-05,-6.841857809469776e-16,-4.170492076682741e-15,-1.367428814223661e-19,0.05767262947614976,99.78653494764227,500.0,95,0.7794171093511606,0.1,135.14506212578442,deFc,0.2794845558640569,0.41824523966178,0.0027666085513938,312.8683010073043,899.644997234241,255.26097755082424
9,0.0010199627101633165,0.0010199627101633165,0.0010199627101633165,0,0,0,4.810093556628859e-05,3.1927414400566724e-06,0.0009745798626430022,0.05106780242638158,0.05342756473833775,0.0023847036186436573,-4.78241578283356e-15,-6.689961085104557e-14,-7.277707082808949e-18,0.19030812535997188,95.55053855713534,500.00000000000006,95,1,0.1,52.546363856429075,ddFc,0.277497880155915,0.6401447064512934,0.0039302537550196,1523.8062407678651,964.4610933964562,4719.405053963155,13,0.001246908443427491,0.0013045261087950553,5.822665037222666e-05,0,0,0,0.0009175734604200712,1.667724779074263e-06,5.8105651026631035e-05,0.0452422862853685,0.17897974728680108,1.6622245785008687e-05,-3.3866735370952084e-14,-6.926239096149978e-13,-1.6124330942169675e-18,0.05673659347775659,99.79219250150557,500.0,95,0.7794171093511606,0.1,137.37467506869768,deFc,0.2794845558640569,0.41824523966178,0.0027666085513938,312.8683010073043,899.644997234241,255.26097755082424
10,0.0010199627101633165,0.0010199627101633165,0.0010199627101633165,0,0,0,4.896309313088604e-05,2.403240729284637e-06,0.0009759603433429022,0.052187652866035106,0.0546900734355322,0.002364965139662896,-1.1709383462843448e-17,-1.491862189340054e-16,-4.54009659728305e-19,0.18605926185739433,95.68588475029948,500.00000000000006,95,1,0.1,53.74631663144257,ddFc,0.277497880155915,0.6401447064512934,0.0039302537550196,1523.8062407678651,964.4610933964562,4719.405053963155,4,0.0012463091801416782,0.0013060702453948994,5.647845040747555e-05,0,0,0,0.0006307156159624697,2.1533597504580212e-05,5.627223286454037e-05,0.05854675630001498,0.12216738195219057,1.961256409024851e-05,-5.184654788825682e-16,-4.336808689942018e-18,-1.1339653581366946e-19,0.08191897258477979,99.63487393608114,500.0,95,0.7791001081465682,0.1,95.10618646251451,deFc,0.2794845558640569,0.41824523966178,0.0027666085513938,312.8683010073043,899.644997234241,255.26097755082424
10,0.0010199627101633165,0.0010199627101633165,0.0010199627101633165,0,0,0,4.896309313088604e-05,2.403240729284637e-06,0.0009759603433429022,0.052187652866035106,0.0546900734355322,0.002364965139662896,-1.1709383462843448e-17,-1.491862189340054e-16,-4.54009659728305e-19,0.18605926185739433,95.68588475029948,500.00000000000006,95,1,0.1,53.74631663144257,ddFc,0.277497880155915,0.6401447064512934,0.0039302537550196,1523.8062407678651,964.4610933964562,4719.405053963155,5,0.0012463091801416782,0.0013060702453948994,5.647845040747555e-05,0,0,0,0.0006967490795612381,1.3804789550128333e-05,5.629631590896703e-05,0.056739874719209334,0.13342122179376834,1.8804655972118904e-05,-1.548782803395543e-16,2.634611279139776e-16,-3.160491684442608e-20,0.07546057087969915,99.67751505716875,500.0,95,0.7791001081465682,0.1,103.24598648857642,deFc,0.2794845558640569,0.41824523966178,0.0027666085513938,312.8683010073043,899.644997234241,255.26097755082424
10,0.0010199627101633165,0.0010199627101633165,0.0010199627101633165,0,0,0,4.896309313088604e-05,2.403240729284637e-06,0.0009759603433429022,0.052187652866035106,0.0546900734355322,0.002364965139662896,-1.1709383462843448e-17,-1.491862189340054e-16,-4.54009659728305e-19,0.18605926185739433,95.68588475029948,500.00000000000006,95,1,0.1,53.74631663144257,ddFc,0.277497880155915,0.6401447064512934,0.0039302537550196,1523.8062407678651,964.4610933964562,4719.405053963155,6,0.0012463091801416782,0.0013060702453948994,5.647845040747555e-05,0,0,0,0.0007510470448277904,9.501070491157863e-06,5.6313074309478954e-05,0.054567803351809684,0.14285552384615546,1.8221078799863448e-05,-2.1334930350169756e-14,-2.452532534696905e-13,-1.0603793708439772e-18,0.07071180430657531,99.70718726026749,500.0,95,0.7791001081465682,0.1,110.17963914040892,deFc,0.2794845558640569,0.41824523966178,0.0027666085513938,312.8683010073043,899.644997234241,255.26097755082424
10,0.0010199627101633165,0.0010199627101633165,0.0010199627101633165,0,0,0,4.896309313088604e-05,2.403240729284637e-06,0.0009759603433429022,0.052187652866035106,0.0546900734355322,0.002364965139662896,-1.1709383462843448e-17,-1.491862189340054e-16,-4.54009659728305e-19,0.18605926185739433,95.68588475029948,500.00000000000006,95,1,0.1,53.74631663144257,ddFc,0.277497880155915,0.6401447064512934,0.0039302537550196,1523.8062407678651,964.4610933964562,4719.405053963155,7,0.0012463091801416782,0.0013060702453948994,5.647845040747555e-05,0,0,0,0.000795177723168322,6.9821846964793955e-06,5.63259958790743e-05,0.052481339734125394,0.15112642057208375,1.7735446650868616e-05,-5.282735512056325e-13,-8.079760168214212e-12,-1.0001195940917342e-17,0.06697172161098444,99.73006602110836,500.0,95,0.7791001081465682,0.1,116.33269825017953,deFc,0.2794845558640569,0.41824523966178,0.0027666085513938,312.8683010073043,899.644997234241,255.26097755082424
10,0.0010199627101633165,0.0010199627101633165,0.0010199627101633165,0,0,0,4.896309313088604e-05,2.403240729284637e-06,0.0009759603433429022,0.052187652866035106,0.0546900734355322,0.002364965139662896,-1.1709383462843448e-17,-1.491862189340054e-16,-4.54009659728305e-19,0.18605926185739433,95.68588475029948,500.00000000000006,95,1,0.1,53.74631663144257,ddFc,0.277497880155915,0.6401447064512934,0.0039302537550196,1523.8062407678651,964.4610933964562,4719.405053963155,8,0.0012463091801416782,0.0013060702453948994,5.647845040747555e-05,0,0,0,0.0008281511515176491,5.211751752912388e-06,5.633551193120823e-05,0.05074368593920516,0.15785982895389375,1.7345655592651988e-05,-2.6875474502113805e-14,-4.147873450960349e-13,-1.1636644508497985e-18,0.06420246368001924,99.74691501761103,500.0,95,0.7791001081465682,0.1,121.3505001972433,deFc,0.2794845558640569,0.41824523966178,0.0027666085513938,312.8683010073043,899.644997234241,255.26097755082424
10,0.0010199627101633165,0.0010199627101633165,0.0010199627101633165,0,0,0,4.896309313088604e-05,2.403240729284637e-06,0.0009759603433429022,0.052187652866035106,0.0546900734355322,0.002364965139662896,-1.1709383462843448e-17,-1.491862189340054e-16,-4.54009659728305e-19,0.18605926185739433,95.68588475029948,500.00000000000006,95,1,0.1,53.74631663144257,ddFc,0.277497880155915,0.6401447064512934,0.0039302537550196,1523.8062407678651,964.4610933964562,4719.405053963155,9,0.0012463091801416782,0.0013060702453948994,5.647845040747555e-05,0,0,0,0.0008534665249967888,3.9393553155334255e-06,5.634279042853177e-05,0.04930138335847024,0.16341620095302875,1.702519962875061e-05,-8.954696793100902e-14,-1.5826855884887303e-12,-2.8064583822699123e-18,0.06208015563622758,99.75980222905368,500.0,95,0.7791001081465682,0.1,125.49905846110917,deFc,0.2794845558640569,0.41824523966178,0.0027666085513938,312.8683010073043,899.644997234241,255.26097755082424
10,0.0010199627101633165,0.0010199627101633165,0.0010199627101633165,0,0,0,4.896309313088604e-05,2.403240729284637e-06,0.0009759603433429022,0.052187652866035106,0.0546900734355322,0.002364965139662896,-1.1709383462843448e-17,-1.491862189340054e-16,-4.54009659728305e-19,0.18605926185739433,95.68588475029948,500.00000000000006,95,1,0.1,53.74631663144257,ddFc,0.277497880155915,0.6401447064512934,0.0039302537550196,1523.8062407678651,964.4610933964562,4719.405053963155,10,0.0012463091801416782,0.0013060702453948994,5.647845040747555e-05,0,0,0,0.0008750717049793358,3.121866929806753e-06,5.634900028343955e-05,0.0479938133453363,0.16844598258992813,1.6735393127318495e-05,-4.894413867251313e-15,-7.014007430417024e-14,-4.207106769893703e-19,0.06026425843072536,99.77079731631791,500.0,95,0.7791001081465682,0.1,129.28062643335352,deFc,0.2794845558640569,0.41824523966178,0.0027666085513938,312.8683010073043,899.644997234241,255.26097755082424
10,0.0010199627101633165,0.0010199627101633165,0.0010199627101633165,0,0,0,4.896309313088604e-05,2.403240729284637e-06,0.0009759603433429022,0.052187652866035106,0.0546900734355322,0.002364965139662896,-1.1709383462843448e-17,-1.491862189340054e-16,-4.54009659728305e-19,0.18605926185739433,95.68588475029948,500.00000000000006,95,1,0.1,53.74631663144257,ddFc,0.277497880155915,0.6401447064512934,0.0039302537550196,1523.8062407678651,964.4610933964562,4719.405053963155,11,0.0012463091801416782,0.0013060702453948994,5.647845040747555e-05,0,0,0,0.0008922689300015951,2.5061352915850247e-06,5.635394258092727e-05,0.046895734260996226,0.17266849517569896,1.649215286205309e-05,-1.1447541048772991e-12,-2.288413317348692e-11,-2.7245013271781583e-17,0.058818313150188664,99.77954808311846,500.0,95,0.7791001081465682,0.1,132.45876435748636,deFc,0.2794845558640569,0.41824523966178,0.0027666085513938,312.8683010073043,899.644997234241,255.26097755082424
10,0.0010199627101633165,0.0010199627101633165,0.0010199627101633165,0,0,0,4.896309313088604e-05,2.403240729284637e-06,0.0009759603433429022,0.052187652866035106,0.0546900734355322,0.002364965139662896,-1.1709383462843448e-17,-1.491862189340054e-16,-4.54009659728305e-19,0.18605926185739433,95.68588475029948,500.00000000000006,95,1,0.1,53.74631663144257,ddFc,0.277497880155915,0.6401447064512934,0.0039302537550196,1523.8062407678651,964.4610933964562,4719.405053963155,12,0.0012463091801416782,0.0013060702453948994,5.647845040747555e-05,0,0,0,0.0009058972472887096,2.0223484237706192e-06,5.635785905976513e-05,0.04598646897209547,0.17616467686604514,1.6290763438579835e-05,-9.296491527976958e-16,-6.948001202156107e-15,-1.4486910376008705e-19,0.05767239356037357,99.78648254893614,500.0,95,0.7791001081465682,0.1,135.0906491042335,deFc,0.2794845558640569,0.41824523966178,0.0027666085513938,312.8683010073043,899.644997234241,255.26097755082424
10,0.0010199627101633165,0.0010199627101633165,0.0010199627101633165,0,0,0,4.896309313088604e-05,2.403240729284637e-06,0.0009759603433429022,0.052187652866035106,0.0546900734355322,0.002364965139662896,-1.1709383462843448e-17,-1.491862189340054e-16,-4.54009659728305e-19,0.18605926185739433,95.68588475029948,500.00000000000006,95,1,0.1,53.74631663144257,ddFc,0.277497880155915,0.6401447064512934,0.0039302537550196,1523.8062407678651,964.4610933964562,4719.405053963155,13,0.0012463091801416782,0.0013060702453948994,5.647845040747555e-05,0,0,0,0.0009162107084483436,1.6035149848006457e-06,5.6360821969329816e-05,0.04527304740893796,0.1789077783929193,1.6132755258886773e-05,-8.780346241743509e-14,-1.935596865079714e-12,-2.8981496988101903e-18,0.05680637151726701,99.79172863756517,500.0,95,0.7791001081465682,0.1,137.15012723700383,deFc,0.2794845558640569,0.41824523966178,0.0027666085513938,312.8683010073043,899.644997234241,255.26097755082424
11,0.0010199627101633165,0.0010199627101633165,0.0010199627101633165,0,0,0,4.962558108145697e-05,1.7922179950468065e-06,0.0009769381718882967,0.05300980313225617,0.05562295391408235,0.0023504431967186165,-1.031769071221933e-13,-1.3746493093130807e-12,-2.677979366039196e-17,0.18304861966080224,95.78175379880989,500.00000000000006,95,1,0.1,54.63029450061122,ddFc,0.277497880155915,0.6401447064512934,0.0039302537550196,1523.8062407678651,964.4610933964562,4719.405053963155,4,0.001245818379445927,0.0013072317611206384,5.52393172826911e-05,0,0,0,0.0006277656198193966,2.1216372769547833e-05,5.5036759770175714e-05,0.058596047812734545,0.12192392641235371,1.9203974908787236e-05,-6.069905862660097e-16,-2.5760643618255585e-16,-1.2790197503539935e-19,0.08215332420014777,99.63330916731142,500.00000000000006,95,0.7788752720252772,0.1,94.80751748130433,deFc,0.2794845558640569,0.41824523966178,0.0027666085513938,312.8683010073043,899.644997234241,255.26097755082424
11,0.0010199627101633165,0.0010199627101633165,0.0010199627101633165,0,0,0,4.962558108145697e-05,1.7922179950468065e-06,0.0009769381718882967,0.05300980313225617,0.05562295391408235,0.0023504431967186165,-1.031769071221933e-13,-1.3746493093130807e-12,-2.677979366039196e-17,0.18304861966080224,95.78175379880989,500.00000000000006,95,1,0.1,54.63029450061122,ddFc,0.277497880155915,0.6401447064512934,0.0039302537550196,1523.8062407678651,964.4610933964562,4719.405053963155,5,0.001245818379445927,0.0013072317611206384,5.52393172826911e-05,0,0,0,0.0006939373394772692,1.3557424940988661e-05,5.5060447952387916e-05,0.05680825659734804,0.13316526265736697,1.841203824258003e-05,-1.9851741778209586e-16,2.237793284010081e-16,-4.8386757111901907e-20,0.07566620080917008,99.67619199674789,500.00000000000006,95,0.7788752720252772,0.1,102.93569172180298,deFc,0.2794845558640569,0.41824523966178,0.0027666085513938,312.8683010073043,899.644997234241,255.26097755082424
11,0.0010199627101633165,0.0010199627101633165,0.0010199627101633165,0,0,0,4.962558108145697e-05,1.7922179950468065e-06,0.0009769381718882967,0.05300980313225617,0.05562295391408235,0.0023504431967186165,-1.031769071221933e-13,-1.3746493093130807e-12,-2.677979366039196e-17,0.18304861966080224,95.78175379880989,500.00000000000006,95,1,0.1,54.63029450061122,ddFc,0.277497880155915,0.6401447064512934,0.0039302537550196,1523.8062407678651,964.4610933964562,4719.405053963155,6,0.001245818379445927,0.0013072317611206384,5.52393172826911e-05,0,0,0,0.0007455562079545853,9.05677101043923e-06,5.5076097566096464e-05,0.05476493639959468,0.1421144248990709,1.7868065800178954e-05,-4.5137667475242393e-14,-5.62610721899226e-13,-1.6785546036620063e-18,0.07114804847144789,99.7045225672154,500.00000000000006,95,0.7788752720252772,0.1,109.47247166418686,deFc,0.2794845558640569,0.41824523966178,0.0027666085513938,312.8683010073043,899.644997234241,255.26097755082424
11,0.0010199627101633165,0.0010199627101633165,0.0010199627101633165,0,0,0,4.962558108145697e-05,1.7922179950468065e-06,0.0009769381718882967,0.05300980313225617,0.05562295391408235,0.0023504431967186165,-1.031769071221933e-13,-1.3746493093130807e-12,-2.677979366039196e-17,0.18304861966080224,95.78175379880989,500.00000000000006,95,1,0.1,54.63029450061122,ddFc,0.277497880155915,0.6401447064512934,0.0039302537550196,1523.8062407678651,964.4610933964562,4719.405053963155,7,0.001245818379445927,0.0013072317611206384,5.52393172826911e-05,0,0,0,0.000791074434211776,6.678486059522195e-06,5.5089145213742e-05,0.05263949878805065,0.15054730032336008,1.7383370369281935e-05,-8.616250074533482e-13,-1.351743586855414e-11,-1.4479697361067243e-17,0.06728574987650228,99.72814278608733,500.00000000000006,95,0.7788752720252772,0.1,115.75634862579992,deFc,0.2794845558640569,0.41824523966178,0.0027666085513938,312.8683010073043,899.644997234241,255.26097755082424
11,0.0010199627101633165,0.0010199627101633165,0.0010199627101633165,0,0,0,4.962558108145697e-05,1.7922179950468065e-06,0.0009769381718882967,0.05300980313225617,0.05562295391408235,0.0023504431967186165,-1.031769071221933e-13,-1.3746493093130807e-12,-2.677979366039196e-17,0.18304861966080224,95.78175379880989,500.00000000000006,95,1,0.1,54.63029450061122,ddFc,0.277497880155915,0.6401447064512934,0.0039302537550196,1523.8062407678651,964.4610933964562,4719.405053963155,8,0.001245818379445927,0.0013072317611206384,5.52393172826911e-05,0,0,0,0.0008255268558444864,5.037964336764089e-06,5.5098875019418535e-05,0.050840309122333005,0.1575190825457589,1.698851315548975e-05,-3.9784039777834845e-14,-6.407964436849767e-13,-1.4421397671494506e-18,0.06438880495928669,99.74575669979076,500.00000000000006,95,0.7788752720252772,0.1,120.9643931919164,deFc,0.2794845558640569,0.41824523966178,0.0027666085513938,312.8683010073043,899.644997234241,255.26097755082424
11,0.0010199627101633165,0.0010199627101633165,0.0010199627101633165,0,0,0,4.962558108145697e-05,1.7922179950468065e-06,0.0009769381718882967,0.05300980313225617,0.05562295391408235,0.0023504431967186165,-1.031769071221933e-13,-1.3746493093130807e-12,-2.677979366039196e-17,0.18304861966080224,95.78175379880989,500.00000000000006,95,1,0.1,54.63029450061122,ddFc,0.277497880155915,0.6401447064512934,0.0039302537550196,1523.8062407678651,964.4610933964562,4719.405053963155,9,0.001245818379445927,0.0013072317611206384,5.52393172826911e-05,0,0,0,0.0008525557126253956,3.895353868201416e-06,5.510647981365591e-05,0.04930890331308515,0.16341772155853163,1.6655712498540113e-05,-1.0451069263478496e-13,-1.866067196598653e-12,-3.0936687258381244e-18,0.06211911969667641,99.75952369513298,500.00000000000006,95,0.7788752720252772,0.1,125.38414514379373,deFc,0.2794845558640569,0.41824523966178,0.0027666085513938,312.8683010073043,899.644997234241,255.26097755082424
11,0.0010199627101633165,0.0010199627101633165,0.0010199627101633165,0,0,0,4.962558108145697e-05,1.7922179950468065e-06,0.0009769381718882967,0.05300980313225617,0.05562295391408235,0.0023504431967186165,-1.031769071221933e-13,-1.3746493093130807e-12,-2.677979366039196e-17,0.18304861966080224,95.78175379880989,500.00000000000006,95,1,0.1,54.63029450061122,ddFc,0.277497880155915,0.6401447064512934,0.0039302537550196,1523.8062407678651,964.4610933964562,4719.405053963155,10,0.001245818379445927,0.0013072317611206384,5.52393172826911e-05,0,0,0,0.0008741440071793098,3.0782405179974566e-06,5.511254925246028e-05,0.04800362650837694,0.16843802852049386,1.637273277467958e-05,-5.245099059941749e-15,-7.660625606087379e-14,-4.128094477782638e-19,0.06030543916483337,99.77051122919917,500.00000000000006,95,0.7788752720252772,0.1,129.15506176754153,deFc,0.2794845558640569,0.41824523966178,0.0027666085513938,312.8683010073043,899.644997234241,255.26097755082424
11,0.0010199627101633165,0.0010199627101633165,0.0010199627101633165,0,0,0,4.962558108145697e-05,1.7922179950468065e-06,0.0009769381718882967,0.05300980313225617,0.05562295391408235,0.0023504431967186165,-1.031769071221933e-13,-1.3746493093130807e-12,-2.677979366039196e-17,0.18304861966080224,95.78175379880989,500.00000000000006,95,1,0.1,54.63029450061122,ddFc,0.277497880155915,0.6401447064512934,0.0039302537550196,1523.8062407678651,964.4610933964562,4719.405053963155,11,0.001245818379445927,0.0013072317611206384,5.52393172826911e-05,0,0,0,0.000891259365531099,2.4585540612708203e-06,5.511736043319756e-05,0.04691193697551637,0.17263540785755238,1.6136191107778842e-05,-1.531752426720684e-12,-3.0870726547976846e-11,-3.4460397258518336e-17,0.058867159991241966,99.77922093267479,500.00000000000006,95,0.7788752720252772,0.1,132.31065880214965,deFc,0.2794845558640569,0.41824523966178,0.0027666085513938,312.8683010073043,899.644997234241,255.26097755082424
11,0.0010199627101633165,0.0010199627101633165,0.0010199627101633165,0,0,0,4.962558108145697e-05,1.7922179950468065e-06,0.0009769381718882967,0.05300980313225617,0.05562295391408235,0.0023504431967186165,-1.031769071221933e-13,-1.3746493093130807e-12,-2.677979366039196e-17,0.18304861966080224,95.78175379880989,500.00000000000006,95,1,0.1,54.63029450061122,ddFc,0.277497880155915,0.6401447064512934,0.0039302537550196,1523.8062407678651,964.4610933964562,4719.405053963155,12,0.001245818379445927,0.0013072317611206384,5.52393172826911e-05,0,0,0,0.0009048654505395859,1.9748231842923504e-06,5.512118507327963e-05,0.046005390737781045,0.17612066168783394,1.593979107353444e-05,-1.3507532765910657e-15,-1.2426908460594355e-14,-2.0723190450168492e-19,0.057723627816730246,99.78614469688878,500.00000000000006,95,0.7788752720252772,0.1,134.93179508712947,deFc,0.2794845558640569,0.41824523966178,0.0027666085513938,312.8683010073043,899.644997234241,255.26097755082424
11,0.0010199627101633165,0.0010199627101633165,0.0010199627101633165,0,0,0,4.962558108145697e-05,1.7922179950468065e-06,0.0009769381718882967,0.05300980313225617,0.05562295391408235,0.0023504431967186165,-1.031769071221933e-13,-1.3746493093130807e-12,-2.677979366039196e-17,0.18304861966080224,95.78175379880989,500.00000000000006,95,1,0.1,54.63029450061122,ddFc,0.277497880155915,0.6401447064512934,0.0039302537550196,1523.8062407678651,964.4610933964562,4719.405053963155,13,0.001245818379445927,0.0013072317611206384,5.52393172826911e-05,0,0,0,0.0009160107370101471,1.6088374065746669e-06,5.5124318455441355e-05,0.04523612403791829,0.17907808381924553,1.5773137254488174e-05,-1.0645342029755311e-13,-2.357816416068137e-12,-3.27018245111204e-18,0.05678625717563978,99.79181707358687,500.00000000000006,95,0.7788752720252772,0.1,137.15911397650623,deFc,0.2794845558640569,0.41824523966178,0.0027666085513938,312.8683010073043,899.644997234241,255.26097755082424
12,0.0010199627101633165,0.0010199627101633165,0.0010199627101633165,0,0,0,5.0128885577792005e-05,1.3259234447733093e-06,0.0009776413718830417,0.05361664373019741,0.05631468433061971,0.002339708163639283,-1.0614339268633088e-15,-1.473387384320901e-14,-1.5924219408380846e-18,0.18088297907397108,95.85069749525468,500.00000000000006,95,1,0.1,55.28436147610415,ddFc,0.277497880155915,0.6401447064512934,0.0039302537550196,1523.8062407678651,964.4610933964562,4719.405053963155,4,0.0012454309762151038,0.0013081022496308887,5.4347770012664145e-05,0,0,0,0.0006257711560505004,2.1009047502621057e-05,5.41479164085855e-05,0.05862586194987998,0.12177156873667762,1.8908099930994617e-05,-6.750784826980993e-16,-4.79217360238593e-16,-1.3727227701440005e-19,0.08230794509228702,99.63226898908258,500.0,95,0.7787134278078867,0.1,94.60975206400323,deFc,0.2794845558640569,0.41824523966178,0.0027666085513938,312.8683010073043,899.644997234241,255.26097755082424
12,0.0010199627101633165,0.0010199627101633165,0.0010199627101633165,0,0,0,5.0128885577792005e-05,1.3259234447733093e-06,0.0009776413718830417,0.05361664373019741,0.05631468433061971,0.002339708163639283,-1.0614339268633088e-15,-1.473387384320901e-14,-1.5924219408380846e-18,0.18088297907397108,95.85069749525468,500.00000000000006,95,1,0.1,55.28436147610415,ddFc,0.277497880155915,0.6401447064512934,0.0039302537550196,1523.8062407678651,964.4610933964562,4719.405053963155,5,0.0012454309762151038,0.0013081022496308887,5.4347770012664145e-05,0,0,0,0.0006927119464968116,1.3462194577425318e-05,5.417150878273801e-05,0.056826570126877765,0.13310552002344836,1.8121903905047103e-05,-2.1629833341085813e-16,1.979753166958531e-16,-4.793677085867306e-20,0.07574093056924125,99.67567900231221,500.0,95,0.7787134278078867,0.1,102.81276212945366,deFc,0.2794845558640569,0.41824523966178,0.0027666085513938,312.8683010073043,899.644997234241,255.26097755082424
12,0.0010199627101633165,0.0010199627101633165,0.0010199627101633165,0,0,0,5.0128885577792005e-05,1.3259234447733093e-06,0.0009776413718830417,0.05361664373019741,0.05631468433061971,0.002339708163639283,-1.0614339268633088e-15,-1.473387384320901e-14,-1.5924219408380846e-18,0.18088297907397108,95.85069749525468,500.00000000000006,95,1,0.1,55.28436147610415,ddFc,0.277497880155915,0.6401447064512934,0.0039302537550196,1523.8062407678651,964.4610933964562,4719.405053963155,6,0.0012454309762151038,0.0013081022496308887,5.4347770012664145e-05,0,0,0,0.000749071485665028,9.375807274822281e-06,5.418825461342348e-05,0.05458765088938173,0.14282879043165791,1.754287183070673e-05,-2.8442471902007105e-14,-3.3689674314163476e-13,-1.2298653696336424e-18,0.07080755336457495,99.70649136256465,500.0,95,0.7787134278078867,0.1,109.97603939207386,deFc,0.2794845558640569,0.41824523966178,0.0027666085513938,312.8683010073043,899.644997234241,255.26097755082424
12,0.0010199627101633165,0.0010199627101633165,0.0010199627101633165,0,0,0,5.0128885577792005e-05,1.3259234447733093e-06,0.0009776413718830417,0.05361664373019741,0.05631468433061971,0.002339708163639283,-1.0614339268633088e-15,-1.473387384320901e-14,-1.5924219408380846e-18,0.18088297907397108,95.85069749525468,500.00000000000006,95,1,0.1,55.28436147610415,ddFc,0.277497880155915,0.6401447064512934,0.0039302537550196,1523.8062407678651,964.4610933964562,4719.405053963155,7,0.0012454309762151038,0.0013081022496308887,5.4347770012664145e-05,0,0,0,0.0007896215069308848,6.584412503886928e-06,5.4199694874035896e-05,0.05267830544499086,0.15041757507350692,1.711317531924091e-05,-1.026132141496855e-12,-1.6219338155529228e-11,-1.645605022013814e-17,0.06737972155357011,99.7275414638103,500.0,95,0.7787134278078867,0.1,115.57088837014147,deFc,0.2794845558640569,0.41824523966178,0.0027666085513938,312.8683010073043,899.644997234241,255.26097755082424
12,0.0010199627101633165,0.0010199627101633165,0.0010199627101633165,0,0,0,5.0128885577792005e-05,1.3259234447733093e-06,0.0009776413718830417,0.05361664373019741,0.05631468433061971,0.002339708163639283,-1.0614339268633088e-15,-1.473387384320901e-14,-1.5924219408380846e-18,0.18088297907397108,95.85069749525468,500.00000000000006,95,1,0.1,55.28436147610415,ddFc,0.277497880155915,0.6401447064512934,0.0039302537550196,1523.8062407678651,964.4610933964562,4719.405053963155,8,0.0012454309762151038,0.0013081022496308887,5.4347770012664145e-05,0,0,0,0.0008241114046407072,4.952247089877971e-06,5.4209279833510655e-05,0.05088191709214687,0.15737880436736218,1.672518033396927e-05,-4.935440077458164e-14,-8.111246049824494e-13,-1.6552082580533097e-18,0.06448011918230967,99.74517780744046,500.0,95,0.7787134278078867,0.1,120.76798828584194,deFc,0.2794845558640569,0.41824523966178,0.0027666085513938,312.8683010073043,899.644997234241,255.26097755082424
12,0.0010199627101633165,0.0010199627101633165,0.0010199627101633165,0,0,0,5.0128885577792005e-05,1.3259234447733093e-06,0.0009776413718830417,0.05361664373019741,0.05631468433061971,0.002339708163639283,-1.0614339268633088e-15,-1.473387384320901e-14,-1.5924219408380846e-18,0.18088297907397108,95.85069749525468,500.00000000000006,95,1,0.1,55.28436147610415,ddFc,0.277497880155915,0.6401447064512934,0.0039302537550196,1523.8062407678651,964.4610933964562,4719.405053963155,9,0.0012454309762151038,0.0013081022496308887,5.4347770012664145e-05,0,0,0,0.0008514797500165244,3.836918700406341e-06,5.421685728139237e-05,0.04933528157443683,0.16333569534624165,1.6394457047219674e-05,-1.2232375485796143e-13,-2.2109688212201828e-12,-3.406687104517991e-18,0.06218168825117151,99.75912032592824,500.0,95,0.7787134278078867,0.1,125.23195328219728,deFc,0.2794845558640569,0.41824523966178,0.0027666085513938,312.8683010073043,899.644997234241,255.26097755082424
12,0.0010199627101633165,0.0010199627101633165,0.0010199627101633165,0,0,0,5.0128885577792005e-05,1.3259234447733093e-06,0.0009776413718830417,0.05361664373019741,0.05631468433061971,0.002339708163639283,-1.0614339268633088e-15,-1.473387384320901e-14,-1.5924219408380846e-18,0.18088297907397108,95.85069749525468,500.00000000000006,95,1,0.1,55.28436147610415,ddFc,0.277497880155915,0.6401447064512934,0.0039302537550196,1523.8062407678651,964.4610933964562,4719.405053963155,10,0.0012454309762151038,0.0013081022496308887,5.4347770012664145e-05,0,0,0,0.0008733409065071726,3.039855055548698e-06,5.422290526118232e-05,0.04801585550506995,0.1684099965707305,1.611300153620873e-05,-1.215282215139002e-15,-1.2135908597499245e-14,-1.5295562142840545e-19,0.060344969508282394,99.77024862022354,500.0,95,0.7787134278078867,0.1,129.04363597383335,deFc,0.2794845558640569,0.41824523966178,0.0027666085513938,312.8683010073043,899.644997234241,255.26097755082424
12,0.0010199627101633165,0.0010199627101633165,0.0010199627101633165,0,0,0,5.0128885577792005e-05,1.3259234447733093e-06,0.0009776413718830417,0.05361664373019741,0.05631468433061971,0.002339708163639283,-1.0614339268633088e-15,-1.473387384320901e-14,-1.5924219408380846e-18,0.18088297907397108,95.85069749525468,500.00000000000006,95,1,0.1,55.28436147610415,ddFc,0.277497880155915,0.6401447064512934,0.0039302537550196,1523.8062407678651,964.4610933964562,4719.405053963155,11,0.0012454309762151038,0.0013081022496308887,5.4347770012664145e-05,0,0,0,0.0008906303796993472,2.432565627166958e-06,5.422768766019398e-05,0.046914281133746814,0.17264501588972678,1.5878150426775775e-05,-3.865180744910823e-17,8.370040771588094e-17,-1.487601613615365e-20,0.05889208616741746,99.77904824348417,500.0,95,0.7787134278078867,0.1,132.22717660131326,deFc,0.2794845558640569,0.41824523966178,0.0027666085513938,312.8683010073043,899.644997234241,255.26097755082424
12,0.0010199627101633165,0.0010199627101633165,0.0010199627101633165,0,0,0,5.0128885577792005e-05,1.3259234447733093e-06,0.0009776413718830417,0.05361664373019741,0.05631468433061971,0.002339708163639283,-1.0614339268633088e-15,-1.473387384320901e-14,-1.5924219408380846e-18,0.18088297907397108,95.85069749525468,500.00000000000006,95,1,0.1,55.28436147610415,ddFc,0.277497880155915,0.6401447064512934,0.0039302537550196,1523.8062407678651,964.4610933964562,4719.405053963155,12,0.0012454309762151038,0.0013081022496308887,5.4347770012664145e-05,0,0,0,0.0009044760208343204,1.964592054791603e-06,5.423151754723808e-05,0.04599243011238482,0.17618880144086643,1.5681641539743547e-05,-1.7058836981886927e-15,-1.739971014491637e-14,-2.417087924328951e-19,0.057728239491930115,99.78609524291618,500.0,95,0.7787134278078867,0.1,134.8929803959713,deFc,0.2794845558640569,0.41824523966178,0.0027666085513938,312.8683010073043,899.644997234241,255.26097755082424
12,0.0010199627101633165,0.0010199627101633165,0.0010199627101633165,0,0,0,5.0128885577792005e-05,1.3259234447733093e-06,0.0009776413718830417,0.05361664373019741,0.05631468433061971,0.002339708163639283,-1.0614339268633088e-15,-1.473387384320901e-14,-1.5924219408380846e-18,0.18088297907397108,95.85069749525468,500.00000000000006,95,1,0.1,55.28436147610415,ddFc,0.277497880155915,0.6401447064512934,0.0039302537550196,1523.8062407678651,964.4610933964562,4719.405053963155,13,0.0012454309762151038,0.0013081022496308887,5.4347770012664145e-05,0,0,0,0.0009155036681207935,1.591806540138373e-06,5.423456789650451e-05,0.04523116839216425,0.17911519464746684,1.5519370025379574e-05,-1.4044126105117183e-13,-3.1604274319113612e-12,-3.893783988748417e-18,0.056801279800346355,99.79170789135735,500.0,95,0.7787134278078867,0.1,137.09434550507052,deFc,0.2794845558640569,0.41824523966178,0.0027666085513938,312.8683010073043,899.644997234241,255.26097755082424
