S1 Stages,S1 C_Pt_in [M],S1 C_Pd_in [M],S1 C_Rh_in [M],S1 q_Pt_in [mol PGM/mol ligand],S1 q_Pd_in [mol PGM/mol ligand],S1 q_Rh_in [mol PGM/mol ligand],S1 C_Pt_out [M],S1 C_Pd_out [M],S1 C_Rh_out [M],S1 q_Pt_out [mol PGM/mol ligand],S1 q_Pd_out [mol PGM/mol ligand],S1 q_Rh_out [mol PGM/mol ligand],S1 Material Residual Pt [mol PGM/time],S1 Material Residual Pd [mol PGM/time],S1 Material Residual Rh [mol PGM/time],S1 Q_org [L/time],S1 PGM Recovery [%],S1 PPM Mass Total Feed [mg/L],S1 PGM Relative Purity [%],S1 Q_aq [L/time],S1 C_lig [L/time],S1 Q_aq/(Q_org*C_lig) [1/M],S1 Ligand,S1 q_max_Pt,S1 q_max_Pd,S1 q_max_Rh,S1 K_eq_Pt,S1 K_eq_Pd,S1 K_eq_Rh,S2 Stages,S2 C_Pt_in [M],S2 C_Pd_in [M],S2 C_Rh_in [M],S2 q_Pt_in [mol PGM/mol ligand],S2 q_Pd_in [mol PGM/mol ligand],S2 q_Rh_in [mol PGM/mol ligand],S2 C_Pt_out [M],S2 C_Pd_out [M],S2 C_Rh_out [M],S2 q_Pt_out [mol PGM/mol ligand],S2 q_Pd_out [mol PGM/mol ligand],S2 q_Rh_out [mol PGM/mol ligand],S2 Material Residual Pt [mol PGM/time],S2 Material Residual Pd [mol PGM/time],S2 Material Residual Rh [mol PGM/time],S2 Q_org [L/time],S2 PGM Recovery [%],S2 PPM Mass Total Feed [mg/L],S2 PGM Relative Purity [%],S2 Q_aq [L/time],S2 C_lig [L/time],S2 Q_aq/(Q_org*C_lig) [1/M],S2 Ligand,S2 q_max_Pt,S2 q_max_Pd,S2 q_max_Rh,S2 K_eq_Pt,S2 K_eq_Pd,S2 K_eq_Rh
3,0.0015414358509205455,0.0015414358509205455,0.0003425413002045657,0,0,0,1.5392696745938808e-05,6.493684676892536e-07,0.0003047992390597954,0.05938796124982393,0.05996171714127868,0.0014687815731911742,-9.625980568195303e-15,-7.142348778382823e-13,-1.0499142787806504e-16,0.2569617010027865,88.98174873446479,500.0,95,1,0.1,38.91630527419166,ddFc,0.2772053402903498,0.5686797381301886,0.0035307035081088,1771.9456756566506,2609.7933824830607,4417.8164496975,4,0.0016389288506140725,0.0016547627850331931,4.053394736732904e-05,0,0,0,0.0015875212344522432,4.3291182648971024e-05,4.026256653272749e-05,0.0021634050968244354,0.06781613578358663,1.1420616721530599e-05,-7.878422849001698e-16,-5.434238128931845e-15,-1.7319176793390272e-18,0.22125664954392,99.33048505702584,499.99999999999994,95,0.9311222714838756,0.1,42.08335764837863,coeFc,0.0192041473001159,0.1064825223842405,0.0016732499914339,277.71707454391907,2158.6299732587154,688.9032026068519
3,0.0015414358509205455,0.0015414358509205455,0.0003425413002045657,0,0,0,1.5392696745938808e-05,6.493684676892536e-07,0.0003047992390597954,0.05938796124982393,0.05996171714127868,0.0014687815731911742,-9.625980568195303e-15,-7.142348778382823e-13,-1.0499142787806504e-16,0.2569617010027865,88.98174873446479,500.0,95,1,0.1,38.91630527419166,ddFc,0.2772053402903498,0.5686797381301886,0.0035307035081088,1771.9456756566506,2609.7933824830607,4417.8164496975,5,0.0016389288506140725,0.0016547627850331931,4.053394736732904e-05,0,0,0,0.0015972950556249787,4.375566708416307e-05,4.031249373820476e-05,0.0018785025527066031,0.07268808870986818,9.991911804462464e-06,-5.759824041329242e-19,3.686287386450715e-18,-6.749793798432706e-21,0.206367320102302,99.45365886249023,499.99999999999994,95,0.9311222714838756,0.1,45.119657076628826,coeFc,0.0192041473001159,0.1064825223842405,0.0016732499914339,277.71707454391907,2158.6299732587154,688.9032026068519
3,0.0015414358509205455,0.0015414358509205455,0.0003425413002045657,0,0,0,1.5392696745938808e-05,6.493684676892536e-07,0.0003047992390597954,0.05938796124982393,0.05996171714127868,0.0014687815731911742,-9.625980568195303e-15,-7.142348778382823e-13,-1.0499142787806504e-16,0.2569617010027865,88.98174873446479,500.0,95,1,0.1,38.91630527419166,ddFc,0.2772053402903498,0.5686797381301886,0.0035307035081088,1771.9456756566506,2609.7933824830607,4417.8164496975,6,0.0016389288506140725,0.0016547627850331931,4.053394736732904e-05,0,0,0,0.0016004928005657162,4.390763534744269e-05,4.0328828042611465e-05,0.001776147357351984,0.07443834924963141,9.47865730409497e-06,-8.012863918389901e-16,-7.797755496863346e-14,-3.3026344009037204e-19,0.20149601935084538,99.49395670039551,499.99999999999994,95,0.9311222714838756,0.1,46.21045490048134,coeFc,0.0192041473001159,0.1064825223842405,0.0016732499914339,277.71707454391907,2158.6299732587154,688.9032026068519
3,0.0015414358509205455,0.0015414358509205455,0.0003425413002045657,0,0,0,1.5392696745938808e-05,6.493684676892536e-07,0.0003047992390597954,0.05938796124982393,0.05996171714127868,0.0014687815731911742,-9.625980568195303e-15,-7.142348778382823e-13,-1.0499142787806504e-16,0.2569617010027865,88.98174873446479,500.0,95,1,0.1,38.91630527419166,ddFc,0.2772053402903498,0.5686797381301886,0.0035307035081088,1771.9456756566506,2609.7933824830607,4417.8164496975,7,0.0016389288506140725,0.0016547627850331931,4.053394736732904e-05,0,0,0,0.0016014888078217935,4.395496891292964e-05,4.03339157092711e-05,0.0017432481207812402,0.07500092117921782,9.313686256724011e-06,-8.370040771588094e-17,-1.3679812491118604e-14,-9.677351422380381e-20,0.19997874814091748,99.50650831944591,499.99999999999994,95,0.9311222714838756,0.1,46.56106111974202,coeFc,0.0192041473001159,0.1064825223842405,0.0016732499914339,277.71707454391907,2158.6299732587154,688.9032026068519
3,0.0015414358509205455,0.0015414358509205455,0.0003425413002045657,0,0,0,1.5392696745938808e-05,6.493684676892536e-07,0.0003047992390597954,0.05938796124982393,0.05996171714127868,0.0014687815731911742,-9.625980568195303e-15,-7.142348778382823e-13,-1.0499142787806504e-16,0.2569617010027865,88.98174873446479,500.0,95,1,0.1,38.91630527419166,ddFc,0.2772053402903498,0.5686797381301886,0.0035307035081088,1771.9456756566506,2609.7933824830607,4417.8164496975,8,0.0016389288506140725,0.0016547627850331931,4.053394736732904e-05,0,0,0,0.001601787498820362,4.396916375982732e-05,4.0335441441245075e-05,0.001733284495375278,0.07517129764423897,9.263724320808734e-06,-2.6065575479267133e-16,-8.664542607700332e-13,-1.36054667152722e-19,0.19952373623993103,99.51027240380746,499.99999999999994,95,0.9311222714838756,0.1,46.66724315768544,coeFc,0.0192041473001159,0.1064825223842405,0.0016732499914339,277.71707454391907,2158.6299732587154,688.9032026068519
3,0.0015414358509205455,0.0015414358509205455,0.0003425413002045657,0,0,0,1.5392696745938808e-05,6.493684676892536e-07,0.0003047992390597954,0.05938796124982393,0.05996171714127868,0.0014687815731911742,-9.625980568195303e-15,-7.142348778382823e-13,-1.0499142787806504e-16,0.2569617010027865,88.98174873446479,500.0,95,1,0.1,38.91630527419166,ddFc,0.2772053402903498,0.5686797381301886,0.0035307035081088,1771.9456756566506,2609.7933824830607,4417.8164496975,9,0.0016389288506140725,0.0016547627850331931,4.053394736732904e-05,0,0,0,0.0016018754103078842,4.3973341508273254e-05,4.0335890498528845e-05,0.0017303433151516605,0.07522159137419444,9.248975968664596e-06,-2.1006417091906648e-19,-2.168404344971009e-19,3.732238923839261e-21,0.19938981589423113,99.51138025861297,499.99999999999994,95,0.9311222714838756,0.1,46.6985872527111,coeFc,0.0192041473001159,0.1064825223842405,0.0016732499914339,277.71707454391907,2158.6299732587154,688.9032026068519
3,0.0015414358509205455,0.0015414358509205455,0.0003425413002045657,0,0,0,1.5392696745938808e-05,6.493684676892536e-07,0.0003047992390597954,0.05938796124982393,0.05996171714127868,0.0014687815731911742,-9.625980568195303e-15,-7.142348778382823e-13,-1.0499142787806504e-16,0.2569617010027865,88.98174873446479,500.0,95,1,0.1,38.91630527419166,ddFc,0.2772053402903498,0.5686797381301886,0.0035307035081088,1771.9456756566506,2609.7933824830607,4417.8164496975,10,0.0016389288506140725,0.0016547627850331931,4.053394736732904e-05,0,0,0,0.0016019010879026884,4.3974561904185015e-05,4.033602166126132e-05,0.0017294834958235241,0.07523629415265876,9.244664461947034e-06,3.8624702394796095e-19,-4.336808689942018e-19,2.6469779601696886e-21,0.19935069983060238,99.51170384597862,499.99999999999994,95,0.9311222714838756,0.1,46.707750325185394,coeFc,0.0192041473001159,0.1064825223842405,0.0016732499914339,277.71707454391907,2158.6299732587154,688.9032026068519
3,0.0015414358509205455,0.0015414358509205455,0.0003425413002045657,0,0,0,1.5392696745938808e-05,6.493684676892536e-07,0.0003047992390597954,0.05938796124982393,0.05996171714127868,0.0014687815731911742,-9.625980568195303e-15,-7.142348778382823e-13,-1.0499142787806504e-16,0.2569617010027865,88.98174873446479,500.0,95,1,0.1,38.91630527419166,ddFc,0.2772053402903498,0.5686797381301886,0.0035307035081088,1771.9456756566506,2609.7933824830607,4417.8164496975,11,0.0016389288506140725,0.0016547627850331931,4.053394736732904e-05,0,0,0,0.0016019085667836766,4.397491733503496e-05,4.0336059863844955e-05,0.0017292330005455007,0.07524057758344309,9.243408370069871e-06,1.8295911660692887e-19,2.168404344971009e-19,-1.9322939109238726e-21,0.1993393068502735,99.511798094346,499.99999999999994,95,0.9311222714838756,0.1,46.71041984626014,coeFc,0.0192041473001159,0.1064825223842405,0.0016732499914339,277.71707454391907,2158.6299732587154,688.9032026068519
3,0.0015414358509205455,0.0015414358509205455,0.0003425413002045657,0,0,0,1.5392696745938808e-05,6.493684676892536e-07,0.0003047992390597954,0.05938796124982393,0.05996171714127868,0.0014687815731911742,-9.625980568195303e-15,-7.142348778382823e-13,-1.0499142787806504e-16,0.2569617010027865,88.98174873446479,500.0,95,1,0.1,38.91630527419166,ddFc,0.2772053402903498,0.5686797381301886,0.0035307035081088,1771.9456756566506,2609.7933824830607,4417.8164496975,12,0.0016389288506140725,0.0016547627850331931,4.053394736732904e-05,0,0,0,0.0016019107429316244,4.3975020753494746e-05,4.033607097974237e-05,0.0017291601079536735,0.07524182403556885,9.243042855026144e-06,2.574980159653073e-19,-7.35089072945172e-17,4.129285617864714e-21,0.19933599180764205,99.51182551801958,499.99999999999994,95,0.9311222714838756,0.1,46.711196660480795,coeFc,0.0192041473001159,0.1064825223842405,0.0016732499914339,277.71707454391907,2158.6299732587154,688.9032026068519
3,0.0015414358509205455,0.0015414358509205455,0.0003425413002045657,0,0,0,1.5392696745938808e-05,6.493684676892536e-07,0.0003047992390597954,0.05938796124982393,0.05996171714127868,0.0014687815731911742,-9.625980568195303e-15,-7.142348778382823e-13,-1.0499142787806504e-16,0.2569617010027865,88.98174873446479,500.0,95,1,0.1,38.91630527419166,ddFc,0.2772053402903498,0.5686797381301886,0.0035307035081088,1771.9456756566506,2609.7933824830607,4417.8164496975,13,0.0016389288506140725,0.0016547627850331931,4.053394736732904e-05,0,0,0,0.0016019113759165769,4.397505083517136e-05,4.033607421306932e-05,0.0017291389049085765,0.07524218660438678,9.242936533768387e-06,1.8701132222659345e-16,-2.4602715698041067e-14,-6.03510974918689e-21,0.19933502754982216,99.51183349485669,499.99999999999994,95,0.9311222714838756,0.1,46.71142261994817,coeFc,0.0192041473001159,0.1064825223842405,0.0016732499914339,277.71707454391907,2158.6299732587154,688.9032026068519
4,0.0015414358509205455,0.0015414358509205455,0.0003425413002045657,0,0,0,1.6636616168348547e-05,2.5393463380235743e-07,0.00032092046508975386,0.08351875158146159,0.08441609011504234,0.0011842510907550353,-4.9873299934333204e-18,4.7271214720367993e-17,-3.015437292225309e-19,0.18256968715162847,93.68810852825634,500.0,95,1,0.1,54.77360538880018,ddFc,0.2772053402903498,0.5686797381301886,0.0035307035081088,1771.9456756566506,2609.7933824830607,4417.8164496975,4,0.0016441602950167291,0.0016618254104568586,2.3313310913783748e-05,0,0,0,0.0015970844854163821,6.0886616912269336e-05,2.3170461267545356e-05,0.002058079483538152,0.0699904964644441,6.24515921552521e-06,-4.614635496641428e-18,7.567731163948821e-17,-1.4161332086907834e-20,0.2121310118441947,99.38726143718209,499.99999999999994,95,0.9274030271705882,0.1,43.71840869036839,coeFc,0.0192041473001159,0.1064825223842405,0.0016732499914339,277.71707454391907,2158.6299732587154,688.9032026068519
4,0.0015414358509205455,0.0015414358509205455,0.0003425413002045657,0,0,0,1.6636616168348547e-05,2.5393463380235743e-07,0.00032092046508975386,0.08351875158146159,0.08441609011504234,0.0011842510907550353,-4.9873299934333204e-18,4.7271214720367993e-17,-3.015437292225309e-19,0.18256968715162847,93.68810852825634,500.0,95,1,0.1,54.77360538880018,ddFc,0.2772053402903498,0.5686797381301886,0.0035307035081088,1771.9456756566506,2609.7933824830607,4417.8164496975,5,0.0016441602950167291,0.0016618254104568586,2.3313310913783748e-05,0,0,0,0.0016042479610181022,6.124267323174655e-05,2.3191429979739438e-05,0.0018381079079190195,0.07371264698960826,5.613059579505267e-06,-2.371692252312041e-19,4.336808689942018e-19,-5.029258124322408e-21,0.20137457225607672,99.47720452708307,499.99999999999994,95,0.9274030271705882,0.1,46.053631140244555,coeFc,0.0192041473001159,0.1064825223842405,0.0016732499914339,277.71707454391907,2158.6299732587154,688.9032026068519
4,0.0015414358509205455,0.0015414358509205455,0.0003425413002045657,0,0,0,1.6636616168348547e-05,2.5393463380235743e-07,0.00032092046508975386,0.08351875158146159,0.08441609011504234,0.0011842510907550353,-4.9873299934333204e-18,4.7271214720367993e-17,-3.015437292225309e-19,0.18256968715162847,93.68810852825634,500.0,95,1,0.1,54.77360538880018,ddFc,0.2772053402903498,0.5686797381301886,0.0035307035081088,1771.9456756566506,2609.7933824830607,4417.8164496975,6,0.0016441602950167291,0.0016618254104568586,2.3313310913783748e-05,0,0,0,0.0016064797310607194,6.1353602267308e-05,2.3197962534786272e-05,0.0017646931620970974,0.07495486690002898,5.402108522405835e-06,-7.399679827213568e-18,-3.252606517456513e-17,-1.887295285600988e-20,0.19802348549239207,99.50522523624356,499.99999999999994,95,0.9274030271705882,0.1,46.83298169732592,coeFc,0.0192041473001159,0.1064825223842405,0.0016732499914339,277.71707454391907,2158.6299732587154,688.9032026068519
4,0.0015414358509205455,0.0015414358509205455,0.0003425413002045657,0,0,0,1.6636616168348547e-05,2.5393463380235743e-07,0.00032092046508975386,0.08351875158146159,0.08441609011504234,0.0011842510907550353,-4.9873299934333204e-18,4.7271214720367993e-17,-3.015437292225309e-19,0.18256968715162847,93.68810852825634,500.0,95,1,0.1,54.77360538880018,ddFc,0.2772053402903498,0.5686797381301886,0.0035307035081088,1771.9456756566506,2609.7933824830607,4417.8164496975,7,0.0016441602950167291,0.0016618254104568586,2.3313310913783748e-05,0,0,0,0.0016071476579423043,6.13868012361138e-05,2.3199917602988028e-05,0.0017422359416706414,0.07533485557582908,5.337579735587328e-06,-8.093772505511632e-16,-5.995640182249184e-13,-2.272033532111652e-19,0.19702056906415383,99.51361129607432,499.99999999999994,95,0.9274030271705882,0.1,47.07138100228546,coeFc,0.0192041473001159,0.1064825223842405,0.0016732499914339,277.71707454391907,2158.6299732587154,688.9032026068519
4,0.0015414358509205455,0.0015414358509205455,0.0003425413002045657,0,0,0,1.6636616168348547e-05,2.5393463380235743e-07,0.00032092046508975386,0.08351875158146159,0.08441609011504234,0.0011842510907550353,-4.9873299934333204e-18,4.7271214720367993e-17,-3.015437292225309e-19,0.18256968715162847,93.68810852825634,500.0,95,1,0.1,54.77360538880018,ddFc,0.2772053402903498,0.5686797381301886,0.0035307035081088,1771.9456756566506,2609.7933824830607,4417.8164496975,8,0.0016441602950167291,0.0016618254104568586,2.3313310913783748e-05,0,0,0,0.0016073422237258448,6.139647203299495e-05,2.3200487110471057e-05,0.0017356511329078208,0.07544627420040753,5.318658886556002e-06,3.2060197053575268e-15,-9.444519818990749e-13,-4.748678460544421e-20,0.19672842150794198,99.51605413864239,499.99999999999994,95,0.9274030271705882,0.1,47.141283402873675,coeFc,0.0192041473001159,0.1064825223842405,0.0016732499914339,277.71707454391907,2158.6299732587154,688.9032026068519
4,0.0015414358509205455,0.0015414358509205455,0.0003425413002045657,0,0,0,1.6636616168348547e-05,2.5393463380235743e-07,0.00032092046508975386,0.08351875158146159,0.08441609011504234,0.0011842510907550353,-4.9873299934333204e-18,4.7271214720367993e-17,-3.015437292225309e-19,0.18256968715162847,93.68810852825634,500.0,95,1,0.1,54.77360538880018,ddFc,0.2772053402903498,0.5686797381301886,0.0035307035081088,1771.9456756566506,2609.7933824830607,4417.8164496975,9,0.0016441602950167291,0.0016618254104568586,2.3313310913783748e-05,0,0,0,0.0016073981972515403,6.139925409060266e-05,2.320065094883359e-05,0.0017337531636174679,0.0754783888955227,5.313205244514428e-06,1.0164395367051604e-19,2.168404344971009e-19,5.135137242729196e-21,0.19664437515108354,99.5167569061006,499.99999999999994,95,0.9274030271705882,0.1,47.161431719471075,coeFc,0.0192041473001159,0.1064825223842405,0.0016732499914339,277.71707454391907,2158.6299732587154,688.9032026068519
4,0.0015414358509205455,0.0015414358509205455,0.0003425413002045657,0,0,0,1.6636616168348547e-05,2.5393463380235743e-07,0.00032092046508975386,0.08351875158146159,0.08441609011504234,0.0011842510907550353,-4.9873299934333204e-18,4.7271214720367993e-17,-3.015437292225309e-19,0.18256968715162847,93.68810852825634,500.0,95,1,0.1,54.77360538880018,ddFc,0.2772053402903498,0.5686797381301886,0.0035307035081088,1771.9456756566506,2609.7933824830607,4417.8164496975,10,0.0016441602950167291,0.0016618254104568586,2.3313310913783748e-05,0,0,0,0.0016074142214324073,6.140005064126545e-05,2.3200697852716682e-05,0.0017332095113184898,0.0754875877945897,5.311643109092813e-06,3.869246503057644e-17,-6.470952246262485e-15,-1.6040686438628313e-20,0.19662031425600907,99.51695809538367,499.99999999999994,95,0.9274030271705882,0.1,47.167202975937926,coeFc,0.0192041473001159,0.1064825223842405,0.0016732499914339,277.71707454391907,2158.6299732587154,688.9032026068519
4,0.0015414358509205455,0.0015414358509205455,0.0003425413002045657,0,0,0,1.6636616168348547e-05,2.5393463380235743e-07,0.00032092046508975386,0.08351875158146159,0.08441609011504234,0.0011842510907550353,-4.9873299934333204e-18,4.7271214720367993e-17,-3.015437292225309e-19,0.18256968715162847,93.68810852825634,500.0,95,1,0.1,54.77360538880018,ddFc,0.2772053402903498,0.5686797381301886,0.0035307035081088,1771.9456756566506,2609.7933824830607,4417.8164496975,11,0.0016441602950167291,0.0016618254104568586,2.3313310913783748e-05,0,0,0,0.0016074188007916075,6.140027825846904e-05,2.3200711256816872e-05,0.001733054122968439,0.0754902170518381,5.3111966148058695e-06,1.5321131949935785e-17,-1.7715863498413142e-15,-8.999725064576941e-21,0.19661343818143218,99.51701559086443,499.99999999999994,95,0.9274030271705882,0.1,47.1688525336093,coeFc,0.0192041473001159,0.1064825223842405,0.0016732499914339,277.71707454391907,2158.6299732587154,688.9032026068519
4,0.0015414358509205455,0.0015414358509205455,0.0003425413002045657,0,0,0,1.6636616168348547e-05,2.5393463380235743e-07,0.00032092046508975386,0.08351875158146159,0.08441609011504234,0.0011842510907550353,-4.9873299934333204e-18,4.7271214720367993e-17,-3.015437292225309e-19,0.18256968715162847,93.68810852825634,500.0,95,1,0.1,54.77360538880018,ddFc,0.2772053402903498,0.5686797381301886,0.0035307035081088,1771.9456756566506,2609.7933824830607,4417.8164496975,12,0.0016441602950167291,0.0016618254104568586,2.3313310913783748e-05,0,0,0,0.0016074201086813576,6.140034326654857e-05,2.3200715085100334e-05,0.0017330097412201115,0.07549096801568733,5.311069087889818e-06,1.1248597539537109e-18,-8.955509944730267e-17,5.968935300182648e-21,0.19661147433738618,99.5170320118845,499.99999999999994,95,0.9274030271705882,0.1,47.16932367737401,coeFc,0.0192041473001159,0.1064825223842405,0.0016732499914339,277.71707454391907,2158.6299732587154,688.9032026068519
4,0.0015414358509205455,0.0015414358509205455,0.0003425413002045657,0,0,0,1.6636616168348547e-05,2.5393463380235743e-07,0.00032092046508975386,0.08351875158146159,0.08441609011504234,0.0011842510907550353,-4.9873299934333204e-18,4.7271214720367993e-17,-3.015437292225309e-19,0.18256968715162847,93.68810852825634,500.0,95,1,0.1,54.77360538880018,ddFc,0.2772053402903498,0.5686797381301886,0.0035307035081088,1771.9456756566506,2609.7933824830607,4417.8164496975,13,0.0016441602950167291,0.0016618254104568586,2.3313310913783748e-05,0,0,0,0.0016074204821464205,6.140036182944722e-05,2.320071617825844e-05,0.001732997067941492,0.07549118245460593,5.311032672376587e-06,3.394908052595236e-17,-3.4061295450804607e-15,-7.57035696608531e-21,0.19661091356630958,99.51703670087144,499.99999999999994,95,0.9274030271705882,0.1,47.16945821310217,coeFc,0.0192041473001159,0.1064825223842405,0.0016732499914339,277.71707454391907,2158.6299732587154,688.9032026068519
5,0.0015414358509205455,0.0015414358509205455,0.0003425413002045657,0,0,0,1.7137753809565944e-05,9.30279269180975e-08,0.0003273848507909787,0.09978793952214988,0.10090377006678451,0.0009922146201603954,-2.1504282729511992e-14,-3.0314830506972257e-12,-3.9834265443475236e-17,0.15275374002427777,95.57529284657483,500.0,95,1,0.1,65.46484556391653,ddFc,0.2772053402903498,0.5686797381301886,0.0035307035081088,1771.9456756566506,2609.7933824830607,4417.8164496975,4,0.0016462680427471843,0.0016646766417777856,1.6369224863632125e-05,0,0,0,0.0016004196785889529,6.796102769663013e-05,1.6271586986025125e-05,0.002028386604623768,0.07064061330123386,4.319616777567577e-06,-4.87890977618477e-19,8.023096076392733e-18,1.998468359928115e-21,0.20928710510859166,99.40352778814882,500.00000000000006,95,0.925911247471484,0.1,44.24119904525706,coeFc,0.0192041473001159,0.1064825223842405,0.0016732499914339,277.71707454391907,2158.6299732587154,688.9032026068519
5,0.0015414358509205455,0.0015414358509205455,0.0003425413002045657,0,0,0,1.7137753809565944e-05,9.30279269180975e-08,0.0003273848507909787,0.09978793952214988,0.10090377006678451,0.0009922146201603954,-2.1504282729511992e-14,-3.0314830506972257e-12,-3.9834265443475236e-17,0.15275374002427777,95.57529284657483,500.0,95,1,0.1,65.46484556391653,ddFc,0.2772053402903498,0.5686797381301886,0.0035307035081088,1771.9456756566506,2609.7933824830607,4417.8164496975,5,0.0016462680427471843,0.0016646766417777856,1.6369224863632125e-05,0,0,0,0.0016068524793497595,6.828639461374822e-05,1.6284788509993117e-05,0.001827654122802262,0.07402277083777362,3.915216136401792e-06,-1.307087034094212e-15,-4.211951967758587e-14,-8.973784680567278e-19,0.19968391732923424,99.48417622494391,500.00000000000006,95,0.925911247471484,0.1,46.368844314330175,coeFc,0.0192041473001159,0.1064825223842405,0.0016732499914339,277.71707454391907,2158.6299732587154,688.9032026068519
5,0.0015414358509205455,0.0015414358509205455,0.0003425413002045657,0,0,0,1.7137753809565944e-05,9.30279269180975e-08,0.0003273848507909787,0.09978793952214988,0.10090377006678451,0.0009922146201603954,-2.1504282729511992e-14,-3.0314830506972257e-12,-3.9834265443475236e-17,0.15275374002427777,95.57529284657483,500.0,95,1,0.1,65.46484556391653,ddFc,0.2772053402903498,0.5686797381301886,0.0035307035081088,1771.9456756566506,2609.7933824830607,4417.8164496975,6,0.0016462680427471843,0.0016646766417777856,1.6369224863632125e-05,0,0,0,0.0016088234313399229,6.838608423094959e-05,1.628883320809179e-05,0.0017622292001967283,0.07512509081511619,3.7834154908030416e-06,-1.0232158002831948e-18,9.107298248878237e-18,-1.6675961149069038e-21,0.1967416432284344,99.50888538577692,500.00000000000006,95,0.925911247471484,0.1,47.06229104716887,coeFc,0.0192041473001159,0.1064825223842405,0.0016732499914339,277.71707454391907,2158.6299732587154,688.9032026068519
5,0.0015414358509205455,0.0015414358509205455,0.0003425413002045657,0,0,0,1.7137753809565944e-05,9.30279269180975e-08,0.0003273848507909787,0.09978793952214988,0.10090377006678451,0.0009922146201603954,-2.1504282729511992e-14,-3.0314830506972257e-12,-3.9834265443475236e-17,0.15275374002427777,95.57529284657483,500.0,95,1,0.1,65.46484556391653,ddFc,0.2772053402903498,0.5686797381301886,0.0035307035081088,1771.9456756566506,2609.7933824830607,4417.8164496975,7,0.0016462680427471843,0.0016646766417777856,1.6369224863632125e-05,0,0,0,0.0016094054521822842,6.841552251179277e-05,1.6290027603064228e-05,0.0017425333455395743,0.07545693848108831,3.743737629399014e-06,-1.7550522667109103e-18,-2.6020852139652106e-17,-4.089580948462169e-21,0.19587279234768545,99.51618197423721,500.00000000000006,95,0.925911247471484,0.1,47.271049560979264,coeFc,0.0192041473001159,0.1064825223842405,0.0016732499914339,277.71707454391907,2158.6299732587154,688.9032026068519
5,0.0015414358509205455,0.0015414358509205455,0.0003425413002045657,0,0,0,1.7137753809565944e-05,9.30279269180975e-08,0.0003273848507909787,0.09978793952214988,0.10090377006678451,0.0009922146201603954,-2.1504282729511992e-14,-3.0314830506972257e-12,-3.9834265443475236e-17,0.15275374002427777,95.57529284657483,500.0,95,1,0.1,65.46484556391653,ddFc,0.2772053402903498,0.5686797381301886,0.0035307035081088,1771.9456756566506,2609.7933824830607,4417.8164496975,8,0.0016462680427471843,0.0016646766417777856,1.6369224863632125e-05,0,0,0,0.001609573265028521,6.842401038948945e-05,1.629037198043128e-05,0.0017368219861932164,0.07555316691029759,3.73223193414529e-06,5.759824041329242e-19,-2.203098814490545e-16,-4.129285617864714e-21,0.19562227841003346,99.51828578409945,500.00000000000006,95,0.925911247471484,0.1,47.331584878626686,coeFc,0.0192041473001159,0.1064825223842405,0.0016732499914339,277.71707454391907,2158.6299732587154,688.9032026068519
5,0.0015414358509205455,0.0015414358509205455,0.0003425413002045657,0,0,0,1.7137753809565944e-05,9.30279269180975e-08,0.0003273848507909787,0.09978793952214988,0.10090377006678451,0.0009922146201603954,-2.1504282729511992e-14,-3.0314830506972257e-12,-3.9834265443475236e-17,0.15275374002427777,95.57529284657483,500.0,95,1,0.1,65.46484556391653,ddFc,0.2772053402903498,0.5686797381301886,0.0035307035081088,1771.9456756566506,2609.7933824830607,4417.8164496975,9,0.0016462680427471843,0.0016646766417777856,1.6369224863632125e-05,0,0,0,0.0016096211299859008,6.84264313163173e-05,1.629047020659118e-05,0.001735190261679937,0.07558065918982983,3.7289447788524036e-06,1.0677778648250646e-14,-1.3346019168275491e-12,7.576974410985734e-20,0.19555082488331582,99.5188858501424,500.00000000000006,95,0.925911247471484,0.1,47.34887965949366,coeFc,0.0192041473001159,0.1064825223842405,0.0016732499914339,277.71707454391907,2158.6299732587154,688.9032026068519
5,0.0015414358509205455,0.0015414358509205455,0.0003425413002045657,0,0,0,1.7137753809565944e-05,9.30279269180975e-08,0.0003273848507909787,0.09978793952214988,0.10090377006678451,0.0009922146201603954,-2.1504282729511992e-14,-3.0314830506972257e-12,-3.9834265443475236e-17,0.15275374002427777,95.57529284657483,500.0,95,1,0.1,65.46484556391653,ddFc,0.2772053402903498,0.5686797381301886,0.0035307035081088,1771.9456756566506,2609.7933824830607,4417.8164496975,10,0.0016462680427471843,0.0016646766417777856,1.6369224863632125e-05,0,0,0,0.0016096347255722461,6.84271190270754e-05,1.6290498106771532e-05,0.0017347265703639221,0.07558847174071283,3.7280106595991263e-06,-5.963111948670274e-19,-2.1250362580715887e-17,4.235164736271502e-22,0.19553052904095586,99.51905629303498,500.00000000000006,95,0.925911247471484,0.1,47.3537944183408,coeFc,0.0192041473001159,0.1064825223842405,0.0016732499914339,277.71707454391907,2158.6299732587154,688.9032026068519
5,0.0015414358509205455,0.0015414358509205455,0.0003425413002045657,0,0,0,1.7137753809565944e-05,9.30279269180975e-08,0.0003273848507909787,0.09978793952214988,0.10090377006678451,0.0009922146201603954,-2.1504282729511992e-14,-3.0314830506972257e-12,-3.9834265443475236e-17,0.15275374002427777,95.57529284657483,500.0,95,1,0.1,65.46484556391653,ddFc,0.2772053402903498,0.5686797381301886,0.0035307035081088,1771.9456756566506,2609.7933824830607,4417.8164496975,11,0.0016462680427471843,0.0016646766417777856,1.6369224863632125e-05,0,0,0,0.0016096385814922713,6.842731405880172e-05,1.6290506019703432e-05,0.0017345950423043874,0.07559068780483502,3.7277456925970516e-06,1.191267137018448e-16,-1.4220395694319876e-14,-1.6623021589865644e-20,0.19552477285746905,99.51910463333188,500.00000000000006,95,0.925911247471484,0.1,47.355188498106166,coeFc,0.0192041473001159,0.1064825223842405,0.0016732499914339,277.71707454391907,2158.6299732587154,688.9032026068519
5,0.0015414358509205455,0.0015414358509205455,0.0003425413002045657,0,0,0,1.7137753809565944e-05,9.30279269180975e-08,0.0003273848507909787,0.09978793952214988,0.10090377006678451,0.0009922146201603954,-2.1504282729511992e-14,-3.0314830506972257e-12,-3.9834265443475236e-17,0.15275374002427777,95.57529284657483,500.0,95,1,0.1,65.46484556391653,ddFc,0.2772053402903498,0.5686797381301886,0.0035307035081088,1771.9456756566506,2609.7933824830607,4417.8164496975,12,0.0016462680427471843,0.0016646766417777856,1.6369224863632125e-05,0,0,0,0.0016096396745358076,6.84273693443529e-05,1.6290508262796798e-05,0.0017345577562840897,0.07559131602222253,3.727670578850248e-06,1.3794100952625732e-15,-1.4394106566395504e-13,-2.948733447629033e-20,0.1955231411533737,99.51911833644479,500.00000000000006,95,0.925911247471484,0.1,47.355583692529464,coeFc,0.0192041473001159,0.1064825223842405,0.0016732499914339,277.71707454391907,2158.6299732587154,688.9032026068519
5,0.0015414358509205455,0.0015414358509205455,0.0003425413002045657,0,0,0,1.7137753809565944e-05,9.30279269180975e-08,0.0003273848507909787,0.09978793952214988,0.10090377006678451,0.0009922146201603954,-2.1504282729511992e-14,-3.0314830506972257e-12,-3.9834265443475236e-17,0.15275374002427777,95.57529284657483,500.0,95,1,0.1,65.46484556391653,ddFc,0.2772053402903498,0.5686797381301886,0.0035307035081088,1771.9456756566506,2609.7933824830607,4417.8164496975,13,0.0016462680427471843,0.0016646766417777856,1.6369224863632125e-05,0,0,0,0.0016096399843376857,6.842738501395418e-05,1.629050889855435e-05,0.0017345471883920473,0.07559149407642643,3.7276492895354134e-06,1.6940658945086007e-19,-4.119968255444917e-18,-5.399835038746165e-21,0.19552267866425846,99.51912222030343,500.00000000000006,95,0.925911247471484,0.1,47.355695707371694,coeFc,0.0192041473001159,0.1064825223842405,0.0016732499914339,277.71707454391907,2158.6299732587154,688.9032026068519
6,0.0015414358509205455,0.0015414358509205455,0.0003425413002045657,0,0,0,1.7361479225137423e-05,3.2913841171952584e-08,0.0003304933934798674,0.11010782737810222,0.11135974389303958,0.0008704095144100974,-1.443478583190716e-13,-2.911677626435405e-11,-6.682242920889175e-17,0.13841653296874126,96.48278712158115,500.0,95,1,0.1,72.24570494233019,ddFc,0.2772053402903498,0.5686797381301886,0.0035307035081088,1771.9456756566506,2609.7933824830607,4417.8164496975,4,0.0016472972163493458,0.001666026843836013,1.3021991299929075e-05,0,0,0,0.0016019708117808132,7.136902882005237e-05,1.2945224434497715e-05,0.0020158825072946825,0.07092207787076828,3.4141905283693655e-06,-2.574980159653073e-19,3.903127820947816e-18,1.164670302474663e-21,0.2080272606502327,99.41048290032434,500.0,95,0.9251969569992536,0.1,44.474794029751536,coeFc,0.0192041473001159,0.1064825223842405,0.0016732499914339,277.71707454391907,2158.6299732587154,688.9032026068519
6,0.0015414358509205455,0.0015414358509205455,0.0003425413002045657,0,0,0,1.7361479225137423e-05,3.2913841171952584e-08,0.0003304933934798674,0.11010782737810222,0.11135974389303958,0.0008704095144100974,-1.443478583190716e-13,-2.911677626435405e-11,-6.682242920889175e-17,0.13841653296874126,96.48278712158115,500.0,95,1,0.1,72.24570494233019,ddFc,0.2772053402903498,0.5686797381301886,0.0035307035081088,1771.9456756566506,2609.7933824830607,4417.8164496975,5,0.0016472972163493458,0.001666026843836013,1.3021991299929075e-05,0,0,0,0.0016080950098816907,7.1681364077371e-05,1.2955215390093023e-05,0.0018234218748865156,0.07415818357827536,3.105964323974408e-06,-4.865560536936042e-16,-1.1400385843685079e-14,-3.7556646787867626e-19,0.1989104256757627,99.4872066161155,500.0,95,0.9251969569992536,0.1,46.51324604309009,coeFc,0.0192041473001159,0.1064825223842405,0.0016732499914339,277.71707454391907,2158.6299732587154,688.9032026068519
6,0.0015414358509205455,0.0015414358509205455,0.0003425413002045657,0,0,0,1.7361479225137423e-05,3.2913841171952584e-08,0.0003304933934798674,0.11010782737810222,0.11135974389303958,0.0008704095144100974,-1.443478583190716e-13,-2.911677626435405e-11,-6.682242920889175e-17,0.13841653296874126,96.48278712158115,500.0,95,1,0.1,72.24570494233019,ddFc,0.2772053402903498,0.5686797381301886,0.0035307035081088,1771.9456756566506,2609.7933824830607,4417.8164496975,6,0.0016472972163493458,0.001666026843836013,1.3021991299929075e-05,0,0,0,0.0016099572594222016,7.177633925181082e-05,1.2958253349368244e-05,0.0017613504181147135,0.07520184878025829,3.0065612038063454e-06,-6.760508765215473e-15,-1.0594752072184965e-12,-4.338727748963141e-19,0.19613822539194195,99.51053606861818,500.0,95,0.9251969569992536,0.1,47.170660137789945,coeFc,0.0192041473001159,0.1064825223842405,0.0016732499914339,277.71707454391907,2158.6299732587154,688.9032026068519
6,0.0015414358509205455,0.0015414358509205455,0.0003425413002045657,0,0,0,1.7361479225137423e-05,3.2913841171952584e-08,0.0003304933934798674,0.11010782737810222,0.11135974389303958,0.0008704095144100974,-1.443478583190716e-13,-2.911677626435405e-11,-6.682242920889175e-17,0.13841653296874126,96.48278712158115,500.0,95,1,0.1,72.24570494233019,ddFc,0.2772053402903498,0.5686797381301886,0.0035307035081088,1771.9456756566506,2609.7933824830607,4417.8164496975,7,0.0016472972163493458,0.001666026843836013,1.3021991299929075e-05,0,0,0,0.0016105038507458218,7.180421554204234e-05,1.295914502352779e-05,0.0017427972692724235,0.07551379977418789,2.9768496874233436e-06,-3.9302328752599536e-19,3.2526065174565133e-18,-1.9852334701272664e-21,0.19532455377528288,99.51738351720732,500.0,95,0.9251969569992536,0.1,47.367160918420666,coeFc,0.0192041473001159,0.1064825223842405,0.0016732499914339,277.71707454391907,2158.6299732587154,688.9032026068519
6,0.0015414358509205455,0.0015414358509205455,0.0003425413002045657,0,0,0,1.7361479225137423e-05,3.2913841171952584e-08,0.0003304933934798674,0.11010782737810222,0.11135974389303958,0.0008704095144100974,-1.443478583190716e-13,-2.911677626435405e-11,-6.682242920889175e-17,0.13841653296874126,96.48278712158115,500.0,95,1,0.1,72.24570494233019,ddFc,0.2772053402903498,0.5686797381301886,0.0035307035081088,1771.9456756566506,2609.7933824830607,4417.8164496975,8,0.0016472972163493458,0.001666026843836013,1.3021991299929075e-05,0,0,0,0.0016106607034261653,7.18122150668531e-05,1.2959400902945777e-05,0.0017374445836280165,0.07560379934911861,2.9682777521369887e-06,-3.1848438816761693e-19,-1.235990476633475e-17,1.8065624578158124e-21,0.19509105839111893,99.51934849638828,500.0,95,0.9251969569992536,0.1,47.42385246300817,coeFc,0.0192041473001159,0.1064825223842405,0.0016732499914339,277.71707454391907,2158.6299732587154,688.9032026068519
6,0.0015414358509205455,0.0015414358509205455,0.0003425413002045657,0,0,0,1.7361479225137423e-05,3.2913841171952584e-08,0.0003304933934798674,0.11010782737810222,0.11135974389303958,0.0008704095144100974,-1.443478583190716e-13,-2.911677626435405e-11,-6.682242920889175e-17,0.13841653296874126,96.48278712158115,500.0,95,1,0.1,72.24570494233019,ddFc,0.2772053402903498,0.5686797381301886,0.0035307035081088,1771.9456756566506,2609.7933824830607,4417.8164496975,9,0.0016472972163493458,0.001666026843836013,1.3021991299929075e-05,0,0,0,0.0016107052617685069,7.181448750703486e-05,1.295947359257535e-05,0.0017359216671409123,0.07562940552991362,2.9658389125696705e-06,2.353945218001169e-15,-2.978116885044013e-13,9.64161721991809e-21,0.1950247275976012,99.51990670310104,500.0,95,0.9251969569992536,0.1,47.43998201644628,coeFc,0.0192041473001159,0.1064825223842405,0.0016732499914339,277.71707454391907,2158.6299732587154,688.9032026068519
6,0.0015414358509205455,0.0015414358509205455,0.0003425413002045657,0,0,0,1.7361479225137423e-05,3.2913841171952584e-08,0.0003304933934798674,0.11010782737810222,0.11135974389303958,0.0008704095144100974,-1.443478583190716e-13,-2.911677626435405e-11,-6.682242920889175e-17,0.13841653296874126,96.48278712158115,500.0,95,1,0.1,72.24570494233019,ddFc,0.2772053402903498,0.5686797381301886,0.0035307035081088,1771.9456756566506,2609.7933824830607,4417.8164496975,10,0.0016472972163493458,0.001666026843836013,1.3021991299929075e-05,0,0,0,0.0016107178707139376,7.181513061118776e-05,1.2959494161997745e-05,0.0017354905306040593,0.0756366546207866,2.965148478891618e-06,-1.6263032587282567e-19,6.505213034913027e-19,-1.138200522872966e-21,0.19500595753250344,99.52006466221745,500.0,95,0.9251969569992536,0.1,47.44454829514849,coeFc,0.0192041473001159,0.1064825223842405,0.0016732499914339,277.71707454391907,2158.6299732587154,688.9032026068519
6,0.0015414358509205455,0.0015414358509205455,0.0003425413002045657,0,0,0,1.7361479225137423e-05,3.2913841171952584e-08,0.0003304933934798674,0.11010782737810222,0.11135974389303958,0.0008704095144100974,-1.443478583190716e-13,-2.911677626435405e-11,-6.682242920889175e-17,0.13841653296874126,96.48278712158115,500.0,95,1,0.1,72.24570494233019,ddFc,0.2772053402903498,0.5686797381301886,0.0035307035081088,1771.9456756566506,2609.7933824830607,4417.8164496975,11,0.0016472972163493458,0.001666026843836013,1.3021991299929075e-05,0,0,0,0.001610721433816908,7.181531233150757e-05,1.295949997461575e-05,0.001735368682597594,0.0756387033622001,2.964953348205854e-06,7.921452122722217e-18,-1.0011522860731148e-15,-5.955700410381799e-21,0.19500065339554584,99.52010929915407,500.0,95,0.9251969569992536,0.1,47.445838815860434,coeFc,0.0192041473001159,0.1064825223842405,0.0016732499914339,277.71707454391907,2158.6299732587154,688.9032026068519
6,0.0015414358509205455,0.0015414358509205455,0.0003425413002045657,0,0,0,1.7361479225137423e-05,3.2913841171952584e-08,0.0003304933934798674,0.11010782737810222,0.11135974389303958,0.0008704095144100974,-1.443478583190716e-13,-2.911677626435405e-11,-6.682242920889175e-17,0.13841653296874126,96.48278712158115,500.0,95,1,0.1,72.24570494233019,ddFc,0.2772053402903498,0.5686797381301886,0.0035307035081088,1771.9456756566506,2609.7933824830607,4417.8164496975,12,0.0016472972163493458,0.001666026843836013,1.3021991299929075e-05,0,0,0,0.0016107224402262187,7.18153636586545e-05,1.2959501616407876e-05,0.001735334265022665,0.07563928205621064,2.9648982309721096e-06,2.729614494503818e-16,-2.845813862339952e-14,-1.3744433058181108e-20,0.19499915522806305,99.52012190699637,500.0,95,0.9251969569992536,0.1,47.44620333955709,coeFc,0.0192041473001159,0.1064825223842405,0.0016732499914339,277.71707454391907,2158.6299732587154,688.9032026068519
6,0.0015414358509205455,0.0015414358509205455,0.0003425413002045657,0,0,0,1.7361479225137423e-05,3.2913841171952584e-08,0.0003304933934798674,0.11010782737810222,0.11135974389303958,0.0008704095144100974,-1.443478583190716e-13,-2.911677626435405e-11,-6.682242920889175e-17,0.13841653296874126,96.48278712158115,500.0,95,1,0.1,72.24570494233019,ddFc,0.2772053402903498,0.5686797381301886,0.0035307035081088,1771.9456756566506,2609.7933824830607,4417.8164496975,13,0.0016472972163493458,0.001666026843836013,1.3021991299929075e-05,0,0,0,0.001610722724443253,7.18153781537927e-05,1.2959502080062908e-05,0.0017353245450621075,0.07563944548676263,2.9648826651636615e-06,1.2376506612100935e-15,-1.1621324562394175e-13,-1.8078859467958973e-20,0.19499873214126753,99.52012546755037,500.0,95,0.9251969569992536,0.1,47.446306283109124,coeFc,0.0192041473001159,0.1064825223842405,0.0016732499914339,277.71707454391907,2158.6299732587154,688.9032026068519
7,0.0015414358509205455,0.0015414358509205455,0.0003425413002045657,0,0,0,1.746609919629964e-05,1.1377996420976629e-08,0.00033207206642072405,0.11621331482713582,0.11754435899942481,0.0007983520410054615,-1.5380492018879366e-15,-4.0388374068778266e-13,-3.3440860757599777e-18,0.1311355548193981,96.94365795377391,500.0,95,1,0.1,76.25696946775535,ddFc,0.2772053402903498,0.5686797381301886,0.0035307035081088,1771.9456756566506,2609.7933824830607,4417.8164496975,4,0.001647827391379443,0.0016667007110975523,1.1320100137314936e-05,0,0,0,0.0016027514590540558,7.31015947374339e-05,1.1253745213788331e-05,0.002009924664192257,0.07105819011541974,2.9587496144056457e-06,-1.3552527156068805e-19,2.8189256484623115e-18,-4.632211430296955e-22,0.20740994101004417,99.41383094918149,499.9999999999999,95,0.9248357926918703,0.1,44.58975245777074,coeFc,0.0192041473001159,0.1064825223842405,0.0016732499914339,277.71707454391907,2158.6299732587154,688.9032026068519
7,0.0015414358509205455,0.0015414358509205455,0.0003425413002045657,0,0,0,1.746609919629964e-05,1.1377996420976629e-08,0.00033207206642072405,0.11621331482713582,0.11754435899942481,0.0007983520410054615,-1.5380492018879366e-15,-4.0388374068778266e-13,-3.3440860757599777e-18,0.1311355548193981,96.94365795377391,500.0,95,1,0.1,76.25696946775535,ddFc,0.2772053402903498,0.5686797381301886,0.0035307035081088,1771.9456756566506,2609.7933824830607,4417.8164496975,5,0.001647827391379443,0.0016667007110975523,1.1320100137314936e-05,0,0,0,0.0016087280720036364,7.340768057433847e-05,1.1262217952170863e-05,0.0018214509394449813,0.07422392853826382,2.696455135038851e-06,-2.852671441080923e-16,-5.009447717752025e-15,-2.280768559380212e-19,0.1985255229544666,99.48867779929549,499.9999999999999,95,0.9248357926918703,0.1,46.58523392500966,coeFc,0.0192041473001159,0.1064825223842405,0.0016732499914339,277.71707454391907,2158.6299732587154,688.9032026068519
7,0.0015414358509205455,0.0015414358509205455,0.0003425413002045657,0,0,0,1.746609919629964e-05,1.1377996420976629e-08,0.00033207206642072405,0.11621331482713582,0.11754435899942481,0.0007983520410054615,-1.5380492018879366e-15,-4.0388374068778266e-13,-3.3440860757599777e-18,0.1311355548193981,96.94365795377391,500.0,95,1,0.1,76.25696946775535,ddFc,0.2772053402903498,0.5686797381301886,0.0035307035081088,1771.9456756566506,2609.7933824830607,4417.8164496975,6,0.001647827391379443,0.0016667007110975523,1.1320100137314936e-05,0,0,0,0.0016105386598749942,7.350040797566449e-05,1.1264784649338617e-05,0.0017609781606052778,0.07523964550089336,2.6123003474857904e-06,-1.2039251973822163e-15,-2.1181624162980306e-13,-1.334870985313574e-19,0.19583407865059388,99.51135160197056,499.9999999999999,95,0.9248357926918703,0.1,47.22547776487653,coeFc,0.0192041473001159,0.1064825223842405,0.0016732499914339,277.71707454391907,2158.6299732587154,688.9032026068519
7,0.0015414358509205455,0.0015414358509205455,0.0003425413002045657,0,0,0,1.746609919629964e-05,1.1377996420976629e-08,0.00033207206642072405,0.11621331482713582,0.11754435899942481,0.0007983520410054615,-1.5380492018879366e-15,-4.0388374068778266e-13,-3.3440860757599777e-18,0.1311355548193981,96.94365795377391,500.0,95,1,0.1,76.25696946775535,ddFc,0.2772053402903498,0.5686797381301886,0.0035307035081088,1771.9456756566506,2609.7933824830607,4417.8164496975,7,0.001647827391379443,0.0016667007110975523,1.1320100137314936e-05,0,0,0,0.0016110684944863956,7.35275429130937e-05,1.126553574408657e-05,0.0017429662789326256,0.07554217752141856,2.5872348053617245e-06,7.465436688974814e-15,-2.8284490635049897e-12,-2.5179377846114162e-20,0.19504647881032813,99.51798665589095,499.9999999999999,95,0.9248357926918703,0.1,47.416174766796054,coeFc,0.0192041473001159,0.1064825223842405,0.0016732499914339,277.71707454391907,2158.6299732587154,688.9032026068519
7,0.0015414358509205455,0.0015414358509205455,0.0003425413002045657,0,0,0,1.746609919629964e-05,1.1377996420976629e-08,0.00033207206642072405,0.11621331482713582,0.11754435899942481,0.0007983520410054615,-1.5380492018879366e-15,-4.0388374068778266e-13,-3.3440860757599777e-18,0.1311355548193981,96.94365795377391,500.0,95,1,0.1,76.25696946775535,ddFc,0.2772053402903498,0.5686797381301886,0.0035307035081088,1771.9456756566506,2609.7933824830607,4417.8164496975,8,0.001647827391379443,0.0016667007110975523,1.1320100137314936e-05,0,0,0,0.0016112201798426844,7.353531132341767e-05,1.126575077356509e-05,0.0017377828799030382,0.07562923916784361,2.580021528361228e-06,-6.776263578034403e-21,-1.951563910473908e-18,-3.017554874593445e-21,0.19482099801631325,99.51988619278471,499.9999999999999,95,0.9248357926918703,0.1,47.47105302347489,coeFc,0.0192041473001159,0.1064825223842405,0.0016732499914339,277.71707454391907,2158.6299732587154,688.9032026068519
7,0.0015414358509205455,0.0015414358509205455,0.0003425413002045657,0,0,0,1.746609919629964e-05,1.1377996420976629e-08,0.00033207206642072405,0.11621331482713582,0.11754435899942481,0.0007983520410054615,-1.5380492018879366e-15,-4.0388374068778266e-13,-3.3440860757599777e-18,0.1311355548193981,96.94365795377391,500.0,95,1,0.1,76.25696946775535,ddFc,0.2772053402903498,0.5686797381301886,0.0035307035081088,1771.9456756566506,2609.7933824830607,4417.8164496975,9,0.001647827391379443,0.0016667007110975523,1.1320100137314936e-05,0,0,0,0.0016112631827169628,7.353751362957035e-05,1.1265811734533194e-05,0.0017363111991026505,0.0756539578810786,2.577973520620245e-06,1.0640495646044301e-15,-1.3708023431646676e-13,-2.752857078576476e-21,0.19475707418651833,99.52042471247415,499.9999999999999,95,0.9248357926918703,0.1,47.4866341340781,coeFc,0.0192041473001159,0.1064825223842405,0.0016732499914339,277.71707454391907,2158.6299732587154,688.9032026068519
7,0.0015414358509205455,0.0015414358509205455,0.0003425413002045657,0,0,0,1.746609919629964e-05,1.1377996420976629e-08,0.00033207206642072405,0.11621331482713582,0.11754435899942481,0.0007983520410054615,-1.5380492018879366e-15,-4.0388374068778266e-13,-3.3440860757599777e-18,0.1311355548193981,96.94365795377391,500.0,95,1,0.1,76.25696946775535,ddFc,0.2772053402903498,0.5686797381301886,0.0035307035081088,1771.9456756566506,2609.7933824830607,4417.8164496975,10,0.001647827391379443,0.0016667007110975523,1.1320100137314936e-05,0,0,0,0.0016112753282129133,7.3538135689573e-05,1.1265828952110593e-05,0.0017358953623725438,0.07566094237827647,2.5773948373785364e-06,7.009930152622121e-14,-7.010683049715749e-12,5.814881182900772e-19,0.19473902042597147,99.52057680986897,499.9999999999999,95,0.9248357926918703,0.1,47.491036499459,coeFc,0.0192041473001159,0.1064825223842405,0.0016732499914339,277.71707454391907,2158.6299732587154,688.9032026068519
7,0.0015414358509205455,0.0015414358509205455,0.0003425413002045657,0,0,0,1.746609919629964e-05,1.1377996420976629e-08,0.00033207206642072405,0.11621331482713582,0.11754435899942481,0.0007983520410054615,-1.5380492018879366e-15,-4.0388374068778266e-13,-3.3440860757599777e-18,0.1311355548193981,96.94365795377391,500.0,95,1,0.1,76.25696946775535,ddFc,0.2772053402903498,0.5686797381301886,0.0035307035081088,1771.9456756566506,2609.7933824830607,4417.8164496975,11,0.001647827391379443,0.0016667007110975523,1.1320100137314936e-05,0,0,0,0.0016112787543241943,7.35383111555294e-05,1.1265833808875568e-05,0.0017357780563458463,0.07566291267811436,2.5772315930996884e-06,1.9583401740519424e-18,-3.0856393828937456e-16,-1.6874484496081765e-21,0.19473392695121022,99.52061971377367,499.9999999999999,95,0.9248357926918703,0.1,47.492278678464906,coeFc,0.0192041473001159,0.1064825223842405,0.0016732499914339,277.71707454391907,2158.6299732587154,688.9032026068519
7,0.0015414358509205455,0.0015414358509205455,0.0003425413002045657,0,0,0,1.746609919629964e-05,1.1377996420976629e-08,0.00033207206642072405,0.11621331482713582,0.11754435899942481,0.0007983520410054615,-1.5380492018879366e-15,-4.0388374068778266e-13,-3.3440860757599777e-18,0.1311355548193981,96.94365795377391,500.0,95,1,0.1,76.25696946775535,ddFc,0.2772053402903498,0.5686797381301886,0.0035307035081088,1771.9456756566506,2609.7933824830607,4417.8164496975,12,0.001647827391379443,0.0016667007110975523,1.1320100137314936e-05,0,0,0,0.0016112797202100643,7.35383606224128e-05,1.126583517811744e-05,0.0017357449820310236,0.07566346820245246,2.5771855665070666e-06,-6.776263578034403e-20,-9.324138683375338e-18,1.8065624578158124e-21,0.194732491160215,99.52063180944292,499.9999999999999,95,0.9248357926918703,0.1,47.49262884594678,coeFc,0.0192041473001159,0.1064825223842405,0.0016732499914339,277.71707454391907,2158.6299732587154,688.9032026068519
7,0.0015414358509205455,0.0015414358509205455,0.0003425413002045657,0,0,0,1.746609919629964e-05,1.1377996420976629e-08,0.00033207206642072405,0.11621331482713582,0.11754435899942481,0.0007983520410054615,-1.5380492018879366e-15,-4.0388374068778266e-13,-3.3440860757599777e-18,0.1311355548193981,96.94365795377391,500.0,95,1,0.1,76.25696946775535,ddFc,0.2772053402903498,0.5686797381301886,0.0035307035081088,1771.9456756566506,2609.7933824830607,4417.8164496975,13,0.001647827391379443,0.0016667007110975523,1.1320100137314936e-05,0,0,0,0.00161127999248906,7.353837456690245e-05,1.126583556410103e-05,0.0017357356584136732,0.0756636248042283,2.5771725916548677e-06,2.1101962408356933e-16,-1.984848917169213e-14,-3.6329772503328975e-21,0.1947320864185806,99.52063521916179,499.9999999999999,95,0.9248357926918703,0.1,47.49272755717909,coeFc,0.0192041473001159,0.1064825223842405,0.0016732499914339,277.71707454391907,2158.6299732587154,688.9032026068519
8,0.0015414358509205455,0.0015414358509205455,0.0003425413002045657,0,0,0,1.7515204631036058e-05,3.873656541550389e-09,0.0003328624843028237,0.11953243152728499,0.12090597575935194,0.0007591815242155628,-9.470505976660881e-15,-3.717178041068303e-12,-5.458280312106711e-18,0.12749014027637537,97.17440907243541,500.0,95,1,0.1,78.4374382075494,ddFc,0.2772053402903498,0.5686797381301886,0.0035307035081088,1771.9456756566506,2609.7933824830607,4417.8164496975,4,0.0016480954994625078,0.0016670337243296683,1.0467482651761758e-05,0,0,0,0.0016031415194728983,7.396957299999925e-05,1.0406296446519127e-05,0.002007036705583787,0.07112469745298076,2.7317483307534928e-06,9.486769009248164e-20,2.8189256484623115e-18,1.9786160252268422e-21,0.20710606269197923,99.41546399188603,500.0,95,0.9246555474461127,0.1,44.64647415084689,coeFc,0.0192041473001159,0.1064825223842405,0.0016732499914339,277.71707454391907,2158.6299732587154,688.9032026068519
8,0.0015414358509205455,0.0015414358509205455,0.0003425413002045657,0,0,0,1.7515204631036058e-05,3.873656541550389e-09,0.0003328624843028237,0.11953243152728499,0.12090597575935194,0.0007591815242155628,-9.470505976660881e-15,-3.717178041068303e-12,-5.458280312106711e-18,0.12749014027637537,97.17440907243541,500.0,95,1,0.1,78.4374382075494,ddFc,0.2772053402903498,0.5686797381301886,0.0035307035081088,1771.9456756566506,2609.7933824830607,4417.8164496975,5,0.0016480954994625078,0.0016670337243296683,1.0467482651761758e-05,0,0,0,0.0016090463946713952,7.427261681946756e-05,1.0414035531659225e-05,0.0018205081777390019,0.07425611001601042,2.491757999152996e-06,-2.1827700237564418e-16,-3.1268390654481948e-15,-1.7440937779558078e-19,0.198334573882379,99.489398531809,500.0,95,0.9246555474461127,0.1,46.620996498294524,coeFc,0.0192041473001159,0.1064825223842405,0.0016732499914339,277.71707454391907,2158.6299732587154,688.9032026068519
8,0.0015414358509205455,0.0015414358509205455,0.0003425413002045657,0,0,0,1.7515204631036058e-05,3.873656541550389e-09,0.0003328624843028237,0.11953243152728499,0.12090597575935194,0.0007591815242155628,-9.470505976660881e-15,-3.717178041068303e-12,-5.458280312106711e-18,0.12749014027637537,97.17440907243541,500.0,95,1,0.1,78.4374382075494,ddFc,0.2772053402903498,0.5686797381301886,0.0035307035081088,1771.9456756566506,2609.7933824830607,4417.8164496975,6,0.0016480954994625078,0.0016670337243296683,1.0467482651761758e-05,0,0,0,0.0016108319491834936,7.436425325119098e-05,1.0416375653205782e-05,0.00176081119683537,0.07525826757096153,2.4149544157806354e-06,-2.804017868590636e-17,-6.020357823377509e-15,-1.5418646617988436e-20,0.19568224318985408,99.51175463808985,500.0,95,0.9246555474461127,0.1,47.252910247405374,coeFc,0.0192041473001159,0.1064825223842405,0.0016732499914339,277.71707454391907,2158.6299732587154,688.9032026068519
8,0.0015414358509205455,0.0015414358509205455,0.0003425413002045657,0,0,0,1.7515204631036058e-05,3.873656541550389e-09,0.0003328624843028237,0.11953243152728499,0.12090597575935194,0.0007591815242155628,-9.470505976660881e-15,-3.717178041068303e-12,-5.458280312106711e-18,0.12749014027637537,97.17440907243541,500.0,95,1,0.1,78.4374382075494,ddFc,0.2772053402903498,0.5686797381301886,0.0035307035081088,1771.9456756566506,2609.7933824830607,4417.8164496975,7,0.0016480954994625078,0.0016670337243296683,1.0467482651761758e-05,0,0,0,0.0016113536837086375,7.439102918640897e-05,1.0417059429832617e-05,0.001743061151309504,0.0755562444671613,2.3921180125944795e-06,4.5047854877779125e-15,-1.6326180858616812e-12,-3.324604317973129e-20,0.19490723965726098,99.51828702653111,500.0,95,0.9246555474461127,0.1,47.4408005096216,coeFc,0.0192041473001159,0.1064825223842405,0.0016732499914339,277.71707454391907,2158.6299732587154,688.9032026068519
8,0.0015414358509205455,0.0015414358509205455,0.0003425413002045657,0,0,0,1.7515204631036058e-05,3.873656541550389e-09,0.0003328624843028237,0.11953243152728499,0.12090597575935194,0.0007591815242155628,-9.470505976660881e-15,-3.717178041068303e-12,-5.458280312106711e-18,0.12749014027637537,97.17440907243541,500.0,95,1,0.1,78.4374382075494,ddFc,0.2772053402903498,0.5686797381301886,0.0035307035081088,1771.9456756566506,2609.7933824830607,4417.8164496975,8,0.0016480954994625078,0.0016670337243296683,1.0467482651761758e-05,0,0,0,0.001611502875084472,7.439868583636062e-05,1.0417254957558306e-05,0.0017379594975207586,0.0756418879017372,2.385554457030283e-06,-2.642742795433417e-19,-1.0842021724855044e-18,7.940933880509066e-22,0.19468562515426988,99.5201549801948,500.0,95,0.9246555474461127,0.1,47.49480331243824,coeFc,0.0192041473001159,0.1064825223842405,0.0016732499914339,277.71707454391907,2158.6299732587154,688.9032026068519
8,0.0015414358509205455,0.0015414358509205455,0.0003425413002045657,0,0,0,1.7515204631036058e-05,3.873656541550389e-09,0.0003328624843028237,0.11953243152728499,0.12090597575935194,0.0007591815242155628,-9.470505976660881e-15,-3.717178041068303e-12,-5.458280312106711e-18,0.12749014027637537,97.17440907243541,500.0,95,1,0.1,78.4374382075494,ddFc,0.2772053402903498,0.5686797381301886,0.0035307035081088,1771.9456756566506,2609.7933824830607,4417.8164496975,9,0.0016480954994625078,0.0016670337243296683,1.0467482651761758e-05,0,0,0,0.001611545128104424,7.440085426324881e-05,1.0417310333662699e-05,0.0017365125282325167,0.07566617873466358,2.3836928521991566e-06,7.760719150651241e-16,-1.0135230328611744e-13,-2.1969917069408415e-21,0.19462286097694245,99.52068401001252,500.0,95,0.9246555474461127,0.1,47.51011997278466,coeFc,0.0192041473001159,0.1064825223842405,0.0016732499914339,277.71707454391907,2158.6299732587154,688.9032026068519
8,0.0015414358509205455,0.0015414358509205455,0.0003425413002045657,0,0,0,1.7515204631036058e-05,3.873656541550389e-09,0.0003328624843028237,0.11953243152728499,0.12090597575935194,0.0007591815242155628,-9.470505976660881e-15,-3.717178041068303e-12,-5.458280312106711e-18,0.12749014027637537,97.17440907243541,500.0,95,1,0.1,78.4374382075494,ddFc,0.2772053402903498,0.5686797381301886,0.0035307035081088,1771.9456756566506,2609.7933824830607,4417.8164496975,10,0.0016480954994625078,0.0016670337243296683,1.0467482651761758e-05,0,0,0,0.0016115570505635315,7.440146617477128e-05,1.0417325959109681e-05,0.0017361040639616242,0.07567303578316581,2.383167340569665e-06,5.5800809394164486e-14,-5.67107276937262e-12,4.529508685442371e-19,0.1946051513560699,99.52083328608494,500.0,95,0.9246555474461127,0.1,47.51444352848945,coeFc,0.0192041473001159,0.1064825223842405,0.0016732499914339,277.71707454391907,2158.6299732587154,688.9032026068519
8,0.0015414358509205455,0.0015414358509205455,0.0003425413002045657,0,0,0,1.7515204631036058e-05,3.873656541550389e-09,0.0003328624843028237,0.11953243152728499,0.12090597575935194,0.0007591815242155628,-9.470505976660881e-15,-3.717178041068303e-12,-5.458280312106711e-18,0.12749014027637537,97.17440907243541,500.0,95,1,0.1,78.4374382075494,ddFc,0.2772053402903498,0.5686797381301886,0.0035307035081088,1771.9456756566506,2609.7933824830607,4417.8164496975,11,0.0016480954994625078,0.0016670337243296683,1.0467482651761758e-05,0,0,0,0.001611560410608248,7.440163861670064e-05,1.0417330362656475e-05,0.0017359889439510308,0.07567496834642037,2.383019232494902e-06,9.554531645028508e-19,-1.6284716630732277e-16,-1.852884572118782e-22,0.194600159771985,99.52087535490836,500.0,95,0.9246555474461127,0.1,47.51566229593753,coeFc,0.0192041473001159,0.1064825223842405,0.0016732499914339,277.71707454391907,2158.6299732587154,688.9032026068519
8,0.0015414358509205455,0.0015414358509205455,0.0003425413002045657,0,0,0,1.7515204631036058e-05,3.873656541550389e-09,0.0003328624843028237,0.11953243152728499,0.12090597575935194,0.0007591815242155628,-9.470505976660881e-15,-3.717178041068303e-12,-5.458280312106711e-18,0.12749014027637537,97.17440907243541,500.0,95,1,0.1,78.4374382075494,ddFc,0.2772053402903498,0.5686797381301886,0.0035307035081088,1771.9456756566506,2609.7933824830607,4417.8164496975,12,0.0016480954994625078,0.0016670337243296683,1.0467482651761758e-05,0,0,0,0.0016115613570157857,7.440168718730097e-05,1.0417331603002412e-05,0.0017359565156501782,0.07567551273284498,2.3829775117189727e-06,-3.5914196963582334e-19,-1.951563910473908e-18,5.889525961377557e-22,0.19459875394341875,99.52088720442346,500.0,95,0.9246555474461127,0.1,47.51600556059902,coeFc,0.0192041473001159,0.1064825223842405,0.0016732499914339,277.71707454391907,2158.6299732587154,688.9032026068519
8,0.0015414358509205455,0.0015414358509205455,0.0003425413002045657,0,0,0,1.7515204631036058e-05,3.873656541550389e-09,0.0003328624843028237,0.11953243152728499,0.12090597575935194,0.0007591815242155628,-9.470505976660881e-15,-3.717178041068303e-12,-5.458280312106711e-18,0.12749014027637537,97.17440907243541,500.0,95,1,0.1,78.4374382075494,ddFc,0.2772053402903498,0.5686797381301886,0.0035307035081088,1771.9456756566506,2609.7933824830607,4417.8164496975,13,0.0016480954994625078,0.0016670337243296683,1.0467482651761758e-05,0,0,0,0.0016115616235617056,7.440170086670317e-05,1.0417331952333165e-05,0.0017359473824595426,0.0756756660552484,2.382965761371493e-06,8.198601303063824e-17,-7.72407311722123e-15,-6.75641124333313e-21,0.19459835800691297,99.52089054171825,500.0,95,0.9246555474461127,0.1,47.516102238296625,coeFc,0.0192041473001159,0.1064825223842405,0.0016732499914339,277.71707454391907,2158.6299732587154,688.9032026068519
9,0.0015414358509205455,0.0015414358509205455,0.0003425413002045657,0,0,0,1.753766006368061e-05,1.311106908960887e-09,0.0003332403731134949,0.12118731653587582,0.12258189036092809,0.0007396520332945955,-8.505327518670835e-14,-4.511636854040435e-11,-1.1926223897340549e-17,0.12574733350835351,97.28472826911198,500.0,95,1,0.1,79.52454911766134,ddFc,0.2772053402903498,0.5686797381301886,0.0035307035081088,1771.9456756566506,2609.7933824830607,4417.8164496975,4,0.0016482244836309179,0.0016671915734913611,1.0059737483193152e-05,0,0,0,0.0016033280170306675,7.438467286135089e-05,1.0001012245964933e-05,0.002005678190470219,0.07115611325649925,2.62345650911812e-06,-1.8973538018496328e-19,2.168404344971009e-18,-1.7470054537119944e-21,0.20696194789655453,99.41623489354139,500.0,95,0.9245695632338151,0.1,44.673408451680274,coeFc,0.0192041473001159,0.1064825223842405,0.0016732499914339,277.71707454391907,2158.6299732587154,688.9032026068519
9,0.0015414358509205455,0.0015414358509205455,0.0003425413002045657,0,0,0,1.753766006368061e-05,1.311106908960887e-09,0.0003332403731134949,0.12118731653587582,0.12258189036092809,0.0007396520332945955,-8.505327518670835e-14,-4.511636854040435e-11,-1.1926223897340549e-17,0.12574733350835351,97.28472826911198,500.0,95,1,0.1,79.52454911766134,ddFc,0.2772053402903498,0.5686797381301886,0.0035307035081088,1771.9456756566506,2609.7933824830607,4417.8164496975,5,0.0016482244836309179,0.0016671915734913611,1.0059737483193152e-05,0,0,0,0.0016091990865080626,7.468628214645698e-05,1.0008406617125648e-05,0.001820067956505691,0.07427132239570639,2.3939708855451703e-06,-1.9142266981589384e-16,-2.4472611437342806e-15,-1.5159242777891806e-19,0.19824366581546998,99.48973950708691,500.0,95,0.9245695632338151,0.1,46.63803806445078,coeFc,0.0192041473001159,0.1064825223842405,0.0016732499914339,277.71707454391907,2158.6299732587154,688.9032026068519
9,0.0015414358509205455,0.0015414358509205455,0.0003425413002045657,0,0,0,1.753766006368061e-05,1.311106908960887e-09,0.0003332403731134949,0.12118731653587582,0.12258189036092809,0.0007396520332945955,-8.505327518670835e-14,-4.511636854040435e-11,-1.1926223897340549e-17,0.12574733350835351,97.28472826911198,500.0,95,1,0.1,79.52454911766134,ddFc,0.2772053402903498,0.5686797381301886,0.0035307035081088,1771.9456756566506,2609.7933824830607,4417.8164496975,6,0.0016482244836309179,0.0016671915734913611,1.0059737483193152e-05,0,0,0,0.001610972862430081,7.477740484577934e-05,1.0010640545278613e-05,0.0017607362546037263,0.07526709626863144,2.3206173527337466e-06,-2.2415879916137804e-17,-4.6674903525500966e-15,-1.3486352707064563e-20,0.1956097345833509,99.51194613182933,500.0,95,0.9245695632338151,0.1,47.26603025167178,coeFc,0.0192041473001159,0.1064825223842405,0.0016732499914339,277.71707454391907,2158.6299732587154,688.9032026068519
9,0.0015414358509205455,0.0015414358509205455,0.0003425413002045657,0,0,0,1.753766006368061e-05,1.311106908960887e-09,0.0003332403731134949,0.12118731653587582,0.12258189036092809,0.0007396520332945955,-8.505327518670835e-14,-4.511636854040435e-11,-1.1926223897340549e-17,0.12574733350835351,97.28472826911198,500.0,95,1,0.1,79.52454911766134,ddFc,0.2772053402903498,0.5686797381301886,0.0035307035081088,1771.9456756566506,2609.7933824830607,4417.8164496975,7,0.0016482244836309179,0.0016671915734913611,1.0059737483193152e-05,0,0,0,0.0016114907902574807,7.480401191760034e-05,1.0011292832791056e-05,0.0017431093025656768,0.07556293200042467,2.2988246764559e-06,3.5093184868467686e-15,-1.2441237276505923e-12,-3.184976230574178e-20,0.19484064931983597,99.51843027233032,500.0,95,0.9245695632338151,0.1,47.452601213420834,coeFc,0.0192041473001159,0.1064825223842405,0.0016732499914339,277.71707454391907,2158.6299732587154,688.9032026068519
9,0.0015414358509205455,0.0015414358509205455,0.0003425413002045657,0,0,0,1.753766006368061e-05,1.311106908960887e-09,0.0003332403731134949,0.12118731653587582,0.12258189036092809,0.0007396520332945955,-8.505327518670835e-14,-4.511636854040435e-11,-1.1926223897340549e-17,0.12574733350835351,97.28472826911198,500.0,95,1,0.1,79.52454911766134,ddFc,0.2772053402903498,0.5686797381301886,0.0035307035081088,1771.9456756566506,2609.7933824830607,4417.8164496975,8,0.0016482244836309179,0.0016671915734913611,1.0059737483193152e-05,0,0,0,0.0016116388104951062,7.481161603712423e-05,1.0011479252091342e-05,0.001738046044658129,0.07564790939809615,2.2925648348015096e-06,3.3203691532368573e-19,-1.3010426069826053e-18,-1.164670302474663e-21,0.1946208498661827,99.5202833952433,500.0,95,0.9245695632338151,0.1,47.50619288064615,coeFc,0.0192041473001159,0.1064825223842405,0.0016732499914339,277.71707454391907,2158.6299732587154,688.9032026068519
9,0.0015414358509205455,0.0015414358509205455,0.0003425413002045657,0,0,0,1.753766006368061e-05,1.311106908960887e-09,0.0003332403731134949,0.12118731653587582,0.12258189036092809,0.0007396520332945955,-8.505327518670835e-14,-4.511636854040435e-11,-1.1926223897340549e-17,0.12574733350835351,97.28472826911198,500.0,95,1,0.1,79.52454911766134,ddFc,0.2772053402903498,0.5686797381301886,0.0035307035081088,1771.9456756566506,2609.7933824830607,4417.8164496975,9,0.0016482244836309179,0.0016671915734913611,1.0059737483193152e-05,0,0,0,0.0016116807115971828,7.481376854801049e-05,1.001153202308054e-05,0.0017366106755067794,0.0756719994084261,2.290790249392469e-06,6.514564278650714e-16,-8.543643223446473e-14,-4.0167890545575024e-21,0.19455862977253302,99.52080797144906,500.0,95,0.9245695632338151,0.1,47.52138542067086,coeFc,0.0192041473001159,0.1064825223842405,0.0016732499914339,277.71707454391907,2158.6299732587154,688.9032026068519
9,0.0015414358509205455,0.0015414358509205455,0.0003425413002045657,0,0,0,1.753766006368061e-05,1.311106908960887e-09,0.0003332403731134949,0.12118731653587582,0.12258189036092809,0.0007396520332945955,-8.505327518670835e-14,-4.511636854040435e-11,-1.1926223897340549e-17,0.12574733350835351,97.28472826911198,500.0,95,1,0.1,79.52454911766134,ddFc,0.2772053402903498,0.5686797381301886,0.0035307035081088,1771.9456756566506,2609.7933824830607,4417.8164496975,10,0.0016482244836309179,0.0016671915734913611,1.0059737483193152e-05,0,0,0,0.0016116925294336684,7.481437569402139e-05,1.0011546906733122e-05,0.0017362056703156387,0.0756787966705251,2.290289530527391e-06,4.9542245577228333e-14,-5.068726688373104e-12,3.9458500452249547e-19,0.19454108153296093,99.52095592414271,500.0,95,0.9245695632338151,0.1,47.52567200451006,coeFc,0.0192041473001159,0.1064825223842405,0.0016732499914339,277.71707454391907,2158.6299732587154,688.9032026068519
9,0.0015414358509205455,0.0015414358509205455,0.0003425413002045657,0,0,0,1.753766006368061e-05,1.311106908960887e-09,0.0003332403731134949,0.12118731653587582,0.12258189036092809,0.0007396520332945955,-8.505327518670835e-14,-4.511636854040435e-11,-1.1926223897340549e-17,0.12574733350835351,97.28472826911198,500.0,95,1,0.1,79.52454911766134,ddFc,0.2772053402903498,0.5686797381301886,0.0035307035081088,1771.9456756566506,2609.7933824830607,4417.8164496975,11,0.0016482244836309179,0.0016671915734913611,1.0059737483193152e-05,0,0,0,0.0016116958585042306,7.48145467166262e-05,1.0011551099362216e-05,0.0017360915754780484,0.07568071154008336,2.2901484720958227e-06,4.1335207826009857e-19,-1.1796119636642288e-16,-8.66885281955573e-22,0.19453613770121986,99.52099760146385,500.0,95,0.9245695632338151,0.1,47.526879795147565,coeFc,0.0192041473001159,0.1064825223842405,0.0016732499914339,277.71707454391907,2158.6299732587154,688.9032026068519
9,0.0015414358509205455,0.0015414358509205455,0.0003425413002045657,0,0,0,1.753766006368061e-05,1.311106908960887e-09,0.0003332403731134949,0.12118731653587582,0.12258189036092809,0.0007396520332945955,-8.505327518670835e-14,-4.511636854040435e-11,-1.1926223897340549e-17,0.12574733350835351,97.28472826911198,500.0,95,1,0.1,79.52454911766134,ddFc,0.2772053402903498,0.5686797381301886,0.0035307035081088,1771.9456756566506,2609.7933824830607,4417.8164496975,12,0.0016482244836309179,0.0016671915734913611,1.0059737483193152e-05,0,0,0,0.0016116967957838953,7.481459486673126e-05,1.0011552279788787e-05,0.0017360594499918655,0.07568125070681453,2.2901087544950104e-06,0.0,-1.0842021724855044e-18,1.257314531080602e-21,0.19453474590873682,99.52100933563258,500.0,95,0.9245695632338151,0.1,47.527219824656086,coeFc,0.0192041473001159,0.1064825223842405,0.0016732499914339,277.71707454391907,2158.6299732587154,688.9032026068519
9,0.0015414358509205455,0.0015414358509205455,0.0003425413002045657,0,0,0,1.753766006368061e-05,1.311106908960887e-09,0.0003332403731134949,0.12118731653587582,0.12258189036092809,0.0007396520332945955,-8.505327518670835e-14,-4.511636854040435e-11,-1.1926223897340549e-17,0.12574733350835351,97.28472826911198,500.0,95,1,0.1,79.52454911766134,ddFc,0.2772053402903498,0.5686797381301886,0.0035307035081088,1771.9456756566506,2609.7933824830607,4417.8164496975,13,0.0016482244836309179,0.0016671915734913611,1.0059737483193152e-05,0,0,0,0.001611697059644461,7.481460842181905e-05,1.0011552612099518e-05,0.0017360504060184591,0.07568140249314297,2.2900975731878904e-06,5.1289539022142394e-17,-4.8457331897067135e-15,-6.088049308390284e-21,0.19453435409527103,99.52101263900636,500.0,95,0.9245695632338151,0.1,47.52731554967497,coeFc,0.0192041473001159,0.1064825223842405,0.0016732499914339,277.71707454391907,2158.6299732587154,688.9032026068519
10,0.0015414358509205455,0.0015414358509205455,0.0003425413002045657,0,0,0,1.7547576640575475e-05,4.3922148512817433e-10,0.00033341230097191417,0.12195553716351361,0.12335982110610381,0.0007305863716955712,-1.0938732558640751e-14,-1.0377512434447955e-11,-2.4377608221978764e-18,0.1249544145131954,97.33492013161633,500.0,95,1,0.1,80.02918535498385,ddFc,0.2772053402903498,0.5686797381301886,0.0035307035081088,1771.9456756566506,2609.7933824830607,4417.8164496975,4,0.0016482834230643086,0.0016672629462387537,9.874200332273091e-06,0,0,0,0.0016034129550031426,7.457356290218673e-05,9.81659262468081e-06,0.0020050649990464168,0.07117032370885333,2.5742365337292383e-06,-1.8295911660692887e-19,2.8189256484623115e-18,-1.0587911840678754e-21,0.2068966126588215,99.41658356470656,500.0,95,0.9245304860603779,0.1,44.68562699887965,coeFc,0.0192041473001159,0.1064825223842405,0.0016732499914339,277.71707454391907,2158.6299732587154,688.9032026068519
10,0.0015414358509205455,0.0015414358509205455,0.0003425413002045657,0,0,0,1.7547576640575475e-05,4.3922148512817433e-10,0.00033341230097191417,0.12195553716351361,0.12335982110610381,0.0007305863716955712,-1.0938732558640751e-14,-1.0377512434447955e-11,-2.4377608221978764e-18,0.1249544145131954,97.33492013161633,500.0,95,1,0.1,80.02918535498385,ddFc,0.2772053402903498,0.5686797381301886,0.0035307035081088,1771.9456756566506,2609.7933824830607,4417.8164496975,5,0.0016482834230643086,0.0016672629462387537,9.874200332273091e-06,0,0,0,0.0016092687473987777,7.487452369360468e-05,9.823831432647195e-06,0.001819870088924959,0.07427820456522204,2.3494967541673292e-06,-1.80621305672507e-16,-2.177511643219887e-15,-1.426654946082458e-19,0.19820237321461454,99.48989388577351,500.0,95,0.9245304860603779,0.1,46.64578284636842,coeFc,0.0192041473001159,0.1064825223842405,0.0016732499914339,277.71707454391907,2158.6299732587154,688.9032026068519
10,0.0015414358509205455,0.0015414358509205455,0.0003425413002045657,0,0,0,1.7547576640575475e-05,4.3922148512817433e-10,0.00033341230097191417,0.12195553716351361,0.12335982110610381,0.0007305863716955712,-1.0938732558640751e-14,-1.0377512434447955e-11,-2.4377608221978764e-18,0.1249544145131954,97.33492013161633,500.0,95,1,0.1,80.02918535498385,ddFc,0.2772053402903498,0.5686797381301886,0.0035307035081088,1771.9456756566506,2609.7933824830607,4417.8164496975,6,0.0016482834230643086,0.0016672629462387537,9.874200332273091e-06,0,0,0,0.0016110372044187682,7.4965414317639e-05,9.826017493876377e-06,0.0017607033886377114,0.07527109494952425,2.277699318865175e-06,-2.0430434687773724e-17,-4.152277480184985e-15,-1.2500353416901354e-20,0.19557674989730237,99.5120330074808,500.0,95,0.9245304860603779,0.1,47.2720037809121,coeFc,0.0192041473001159,0.1064825223842405,0.0016732499914339,277.71707454391907,2158.6299732587154,688.9032026068519
10,0.0015414358509205455,0.0015414358509205455,0.0003425413002045657,0,0,0,1.7547576640575475e-05,4.3922148512817433e-10,0.00033341230097191417,0.12195553716351361,0.12335982110610381,0.0007305863716955712,-1.0938732558640751e-14,-1.0377512434447955e-11,-2.4377608221978764e-18,0.1249544145131954,97.33492013161633,500.0,95,1,0.1,80.02918535498385,ddFc,0.2772053402903498,0.5686797381301886,0.0035307035081088,1771.9456756566506,2609.7933824830607,4417.8164496975,7,0.0016482834230643086,0.0016672629462387537,9.874200332273091e-06,0,0,0,0.0016115534142255063,7.499194514794354e-05,9.826655600769486e-06,0.0017431319986116439,0.075565964249239,2.2563768830209156e-06,3.1271575498363624e-15,-1.097247726705719e-12,-3.268356036319523e-20,0.1948103353541742,99.51849537275227,500.0,95,0.9245304860603779,0.1,47.45797928942213,coeFc,0.0192041473001159,0.1064825223842405,0.0016732499914339,277.71707454391907,2158.6299732587154,688.9032026068519
10,0.0015414358509205455,0.0015414358509205455,0.0003425413002045657,0,0,0,1.7547576640575475e-05,4.3922148512817433e-10,0.00033341230097191417,0.12195553716351361,0.12335982110610381,0.0007305863716955712,-1.0938732558640751e-14,-1.0377512434447955e-11,-2.4377608221978764e-18,0.1249544145131954,97.33492013161633,500.0,95,1,0.1,80.02918535498385,ddFc,0.2772053402903498,0.5686797381301886,0.0035307035081088,1771.9456756566506,2609.7933824830607,4417.8164496975,8,0.0016482834230643086,0.0016672629462387537,9.874200332273091e-06,0,0,0,0.0016117009061147702,7.499952555854776e-05,9.826837921176907e-06,0.0017380860644340588,0.07565064115762736,2.2502537706146123e-06,-3.7947076036992655e-19,-6.505213034913027e-19,2.0117032497289633e-21,0.19459135464434982,99.52034180488131,500.0,95,0.9245304860603779,0.1,47.511385474967334,coeFc,0.0192041473001159,0.1064825223842405,0.0016732499914339,277.71707454391907,2158.6299732587154,688.9032026068519
10,0.0015414358509205455,0.0015414358509205455,0.0003425413002045657,0,0,0,1.7547576640575475e-05,4.3922148512817433e-10,0.00033341230097191417,0.12195553716351361,0.12335982110610381,0.0007305863716955712,-1.0938732558640751e-14,-1.0377512434447955e-11,-2.4377608221978764e-18,0.1249544145131954,97.33492013161633,500.0,95,1,0.1,80.02918535498385,ddFc,0.2772053402903498,0.5686797381301886,0.0035307035081088,1771.9456756566506,2609.7933824830607,4417.8164496975,9,0.0016482834230643086,0.0016672629462387537,9.874200332273091e-06,0,0,0,0.0016117426484976735,7.500167088779987e-05,9.826889520546184e-06,0.001736655927580584,0.07567464059224643,2.248518336025367e-06,5.997128791832007e-16,-7.882344950360665e-14,-3.798413372843503e-21,0.1945293799076183,99.52086437245681,500.0,95,0.9245304860603779,0.1,47.52652203484307,coeFc,0.0192041473001159,0.1064825223842405,0.0016732499914339,277.71707454391907,2158.6299732587154,688.9032026068519
10,0.0015414358509205455,0.0015414358509205455,0.0003425413002045657,0,0,0,1.7547576640575475e-05,4.3922148512817433e-10,0.00033341230097191417,0.12195553716351361,0.12335982110610381,0.0007305863716955712,-1.0938732558640751e-14,-1.0377512434447955e-11,-2.4377608221978764e-18,0.1249544145131954,97.33492013161633,500.0,95,1,0.1,80.02918535498385,ddFc,0.2772053402903498,0.5686797381301886,0.0035307035081088,1771.9456756566506,2609.7933824830607,4417.8164496975,10,0.0016482834230643086,0.0016672629462387537,9.874200332273091e-06,0,0,0,0.0016117544191596885,7.500227588399913e-05,9.826904070771336e-06,0.0017362524822394886,0.0756814108961476,2.248028765324611e-06,4.682975470078621e-14,-4.804794366194964e-12,3.7228421520806585e-19,0.1945119044256127,99.52101172844174,500.0,95,0.9245304860603779,0.1,47.530791947695235,coeFc,0.0192041473001159,0.1064825223842405,0.0016732499914339,277.71707454391907,2158.6299732587154,688.9032026068519
10,0.0015414358509205455,0.0015414358509205455,0.0003425413002045657,0,0,0,1.7547576640575475e-05,4.3922148512817433e-10,0.00033341230097191417,0.12195553716351361,0.12335982110610381,0.0007305863716955712,-1.0938732558640751e-14,-1.0377512434447955e-11,-2.4377608221978764e-18,0.1249544145131954,97.33492013161633,500.0,95,1,0.1,80.02918535498385,ddFc,0.2772053402903498,0.5686797381301886,0.0035307035081088,1771.9456756566506,2609.7933824830607,4417.8164496975,11,0.0016482834230643086,0.0016672629462387537,9.874200332273091e-06,0,0,0,0.0016117577342677119,7.500244626647168e-05,9.82690816864739e-06,0.0017361388495895362,0.07568331778938335,2.2478908750757825e-06,2.507217523872729e-19,-1.0126448291014611e-16,-1.522012327097571e-22,0.19450698211603992,99.52105322928145,500.0,95,0.9245304860603779,0.1,47.53199479023416,coeFc,0.0192041473001159,0.1064825223842405,0.0016732499914339,277.71707454391907,2158.6299732587154,688.9032026068519
10,0.0015414358509205455,0.0015414358509205455,0.0003425413002045657,0,0,0,1.7547576640575475e-05,4.3922148512817433e-10,0.00033341230097191417,0.12195553716351361,0.12335982110610381,0.0007305863716955712,-1.0938732558640751e-14,-1.0377512434447955e-11,-2.4377608221978764e-18,0.1249544145131954,97.33492013161633,500.0,95,1,0.1,80.02918535498385,ddFc,0.2772053402903498,0.5686797381301886,0.0035307035081088,1771.9456756566506,2609.7933824830607,4417.8164496975,12,0.0016482834230643086,0.0016672629462387537,9.874200332273091e-06,0,0,0,0.0016117586674336292,7.500249422696842e-05,9.826909322169753e-06,0.0017361068605914996,0.07568385460365008,2.2478520572427403e-06,-9.486769009248164e-20,-2.168404344971009e-18,-1.8727369068200547e-21,0.19450559664837402,99.52106491146658,500.0,95,0.9245304860603779,0.1,47.532333361684096,coeFc,0.0192041473001159,0.1064825223842405,0.0016732499914339,277.71707454391907,2158.6299732587154,688.9032026068519
10,0.0015414358509205455,0.0015414358509205455,0.0003425413002045657,0,0,0,1.7547576640575475e-05,4.3922148512817433e-10,0.00033341230097191417,0.12195553716351361,0.12335982110610381,0.0007305863716955712,-1.0938732558640751e-14,-1.0377512434447955e-11,-2.4377608221978764e-18,0.1249544145131954,97.33492013161633,500.0,95,1,0.1,80.02918535498385,ddFc,0.2772053402903498,0.5686797381301886,0.0035307035081088,1771.9456756566506,2609.7933824830607,4417.8164496975,13,0.0016482834230643086,0.0016672629462387537,9.874200332273091e-06,0,0,0,0.0016117589300842481,7.500250772601257e-05,9.82690964684236e-06,0.0017360978568214081,0.07568400569785592,2.2478411313973844e-06,4.124711639949541e-17,-3.90507938485829e-15,-3.626359805432473e-21,0.1945052066923703,99.52106819955672,500.0,95,0.9245304860603779,0.1,47.53242865743005,coeFc,0.0192041473001159,0.1064825223842405,0.0016732499914339,277.71707454391907,2158.6299732587154,688.9032026068519
11,0.0015414358509205455,0.0015414358509205455,0.0003425413002045657,0,0,0,1.7551833504440037e-05,1.4730481327193284e-10,0.0003334876350435991,0.1222952362079555,0.12370380037741202,0.0007265776835714801,-3.413068438984368e-15,-6.673446734453692e-12,-9.994988777600744e-19,0.124606980997056,97.3569128290341,500.0,95,1,0.1,80.25232551165222,ddFc,0.2772053402903498,0.5686797381301886,0.0035307035081088,1771.9456756566506,2609.7933824830607,4417.8164496975,4,0.0016483093142029672,0.001667294104716146,9.792897912118177e-06,0,0,0,0.0016034502047545807,7.465633658191045e-05,9.735779458169827e-06,0.002004797310946814,0.07117653368802385,2.552679361877294e-06,-3.049318610115481e-19,2.3852447794681098e-18,2.514629062161204e-22,0.20686802964835183,99.41673594005643,500.00000000000006,95,0.9245133812499181,0.1,44.690974377310404,coeFc,0.0192041473001159,0.1064825223842405,0.0016732499914339,277.71707454391907,2158.6299732587154,688.9032026068519
11,0.0015414358509205455,0.0015414358509205455,0.0003425413002045657,0,0,0,1.7551833504440037e-05,1.4730481327193284e-10,0.0003334876350435991,0.1222952362079555,0.12370380037741202,0.0007265776835714801,-3.413068438984368e-15,-6.673446734453692e-12,-9.994988777600744e-19,0.124606980997056,97.3569128290341,500.0,95,1,0.1,80.25232551165222,ddFc,0.2772053402903498,0.5686797381301886,0.0035307035081088,1771.9456756566506,2609.7933824830607,4417.8164496975,5,0.0016483093142029672,0.001667294104716146,9.792897912118177e-06,0,0,0,0.0016092993233892219,7.495701403784141e-05,9.742950351065739e-06,0.0018197838994873496,0.07428121206175183,2.3300125307821033e-06,-1.7643357478128174e-16,-2.0664893407573715e-15,-1.4114348228114822e-19,0.19818429276179544,99.48996138323231,500.00000000000006,95,0.9245133812499181,0.1,46.64917528863514,coeFc,0.0192041473001159,0.1064825223842405,0.0016732499914339,277.71707454391907,2158.6299732587154,688.9032026068519
11,0.0015414358509205455,0.0015414358509205455,0.0003425413002045657,0,0,0,1.7551833504440037e-05,1.4730481327193284e-10,0.0003334876350435991,0.1222952362079555,0.12370380037741202,0.0007265776835714801,-3.413068438984368e-15,-6.673446734453692e-12,-9.994988777600744e-19,0.124606980997056,97.3569128290341,500.0,95,1,0.1,80.25232551165222,ddFc,0.2772053402903498,0.5686797381301886,0.0035307035081088,1771.9456756566506,2609.7933824830607,4417.8164496975,6,0.0016483093142029672,0.001667294104716146,9.792897912118177e-06,0,0,0,0.0016110654576491099,7.50478032978261e-05,9.745115525812614e-06,0.0017606892648725256,0.07527284307660684,2.2588942822426304e-06,-1.9447876468958736e-17,-3.944544343936762e-15,-1.172611236355172e-20,0.19556229733646846,99.51207102601943,500.00000000000006,95,0.9245133812499181,0.1,47.274622656905905,coeFc,0.0192041473001159,0.1064825223842405,0.0016732499914339,277.71707454391907,2158.6299732587154,688.9032026068519
11,0.0015414358509205455,0.0015414358509205455,0.0003425413002045657,0,0,0,1.7551833504440037e-05,1.4730481327193284e-10,0.0003334876350435991,0.1222952362079555,0.12370380037741202,0.0007265776835714801,-3.413068438984368e-15,-6.673446734453692e-12,-9.994988777600744e-19,0.124606980997056,97.3569128290341,500.0,95,1,0.1,80.25232551165222,ddFc,0.2772053402903498,0.5686797381301886,0.0035307035081088,1771.9456756566506,2609.7933824830607,4417.8164496975,7,0.0016483093142029672,0.001667294104716146,9.792897912118177e-06,0,0,0,0.0016115809173959145,7.507430083634021e-05,9.745747447654564e-06,0.0017431421337622023,0.075567290430184,2.2377769896139276e-06,2.9713983552316636e-15,-1.0380663342801633e-12,-3.0857145570678144e-20,0.19479704872785697,99.51852388448503,500.00000000000006,95,0.9245133812499181,0.1,47.46033819750104,coeFc,0.0192041473001159,0.1064825223842405,0.0016732499914339,277.71707454391907,2158.6299732587154,688.9032026068519
11,0.0015414358509205455,0.0015414358509205455,0.0003425413002045657,0,0,0,1.7551833504440037e-05,1.4730481327193284e-10,0.0003334876350435991,0.1222952362079555,0.12370380037741202,0.0007265776835714801,-3.413068438984368e-15,-6.673446734453692e-12,-9.994988777600744e-19,0.124606980997056,97.3569128290341,500.0,95,1,0.1,80.25232551165222,ddFc,0.2772053402903498,0.5686797381301886,0.0035307035081088,1771.9456756566506,2609.7933824830607,4417.8164496975,8,0.0016483093142029672,0.001667294104716146,9.792897912118177e-06,0,0,0,0.001611728178658373,7.508187089589724e-05,9.74592798085829e-06,0.0017381037617902634,0.07565183617107323,2.2317135047467235e-06,1.1519648082658485e-19,2.168404344971009e-19,-5.161607022330893e-22,0.19457842538387665,99.52036739603132,500.00000000000006,95,0.9245133812499181,0.1,47.51366342008264,coeFc,0.0192041473001159,0.1064825223842405,0.0016732499914339,277.71707454391907,2158.6299732587154,688.9032026068519
11,0.0015414358509205455,0.0015414358509205455,0.0003425413002045657,0,0,0,1.7551833504440037e-05,1.4730481327193284e-10,0.0003334876350435991,0.1222952362079555,0.12370380037741202,0.0007265776835714801,-3.413068438984368e-15,-6.673446734453692e-12,-9.994988777600744e-19,0.124606980997056,97.3569128290341,500.0,95,1,0.1,80.25232551165222,ddFc,0.2772053402903498,0.5686797381301886,0.0035307035081088,1771.9456756566506,2609.7933824830607,4417.8164496975,9,0.0016483093142029672,0.001667294104716146,9.792897912118177e-06,0,0,0,0.0016117698517688545,7.508401309011417e-05,9.745979069516689e-06,0.0017366759086403416,0.07567579607382638,2.2299951389710506e-06,5.78299886276612e-16,-7.604550669726429e-14,1.4492204331929045e-21,0.19451655772599008,99.52088908694301,500.00000000000006,95,0.9245133812499181,0.1,47.52877554785098,coeFc,0.0192041473001159,0.1064825223842405,0.0016732499914339,277.71707454391907,2158.6299732587154,688.9032026068519
11,0.0015414358509205455,0.0015414358509205455,0.0003425413002045657,0,0,0,1.7551833504440037e-05,1.4730481327193284e-10,0.0003334876350435991,0.1222952362079555,0.12370380037741202,0.0007265776835714801,-3.413068438984368e-15,-6.673446734453692e-12,-9.994988777600744e-19,0.124606980997056,97.3569128290341,500.0,95,1,0.1,80.25232551165222,ddFc,0.2772053402903498,0.5686797381301886,0.0035307035081088,1771.9456756566506,2609.7933824830607,4417.8164496975,10,0.0016483093142029672,0.001667294104716146,9.792897912118177e-06,0,0,0,0.0016117816018441189,7.508461714793611e-05,9.745993474436993e-06,0.001736273144036679,0.0756825546132065,2.229510427354171e-06,4.566862838416286e-14,-4.691283169225291e-12,3.5523767714457305e-19,0.19449911399321387,99.52103618252629,500.00000000000006,95,0.9245133812499181,0.1,47.533038185571094,coeFc,0.0192041473001159,0.1064825223842405,0.0016732499914339,277.71707454391907,2158.6299732587154,688.9032026068519
11,0.0015414358509205455,0.0015414358509205455,0.0003425413002045657,0,0,0,1.7551833504440037e-05,1.4730481327193284e-10,0.0003334876350435991,0.1222952362079555,0.12370380037741202,0.0007265776835714801,-3.413068438984368e-15,-6.673446734453692e-12,-9.994988777600744e-19,0.124606980997056,97.3569128290341,500.0,95,1,0.1,80.25232551165222,ddFc,0.2772053402903498,0.5686797381301886,0.0035307035081088,1771.9456756566506,2609.7933824830607,4417.8164496975,11,0.0016483093142029672,0.001667294104716146,9.792897912118177e-06,0,0,0,0.001611784910859717,7.508478725103597e-05,9.745997531030694e-06,0.001736159713068922,0.07568445802597866,2.2293739176635473e-06,5.759824041329242e-19,-9.475926987523309e-17,2.752857078576476e-21,0.19449420107390056,99.52107760635954,500.00000000000006,95,0.9245133812499181,0.1,47.534238869087794,coeFc,0.0192041473001159,0.1064825223842405,0.0016732499914339,277.71707454391907,2158.6299732587154,688.9032026068519
11,0.0015414358509205455,0.0015414358509205455,0.0003425413002045657,0,0,0,1.7551833504440037e-05,1.4730481327193284e-10,0.0003334876350435991,0.1222952362079555,0.12370380037741202,0.0007265776835714801,-3.413068438984368e-15,-6.673446734453692e-12,-9.994988777600744e-19,0.124606980997056,97.3569128290341,500.0,95,1,0.1,80.25232551165222,ddFc,0.2772053402903498,0.5686797381301886,0.0035307035081088,1771.9456756566506,2609.7933824830607,4417.8164496975,12,0.0016483093142029672,0.001667294104716146,9.792897912118177e-06,0,0,0,0.0016117858422308262,7.508483512878839e-05,9.745998672834114e-06,0.001736127783622814,0.07568499381386636,2.2293354918160634e-06,2.710505431213761e-20,-1.3010426069826053e-18,-2.9182932010870816e-21,0.19449281836553195,99.52108926586452,500.00000000000006,95,0.9245133812499181,0.1,47.534576804392714,coeFc,0.0192041473001159,0.1064825223842405,0.0016732499914339,277.71707454391907,2158.6299732587154,688.9032026068519
11,0.0015414358509205455,0.0015414358509205455,0.0003425413002045657,0,0,0,1.7551833504440037e-05,1.4730481327193284e-10,0.0003334876350435991,0.1222952362079555,0.12370380037741202,0.0007265776835714801,-3.413068438984368e-15,-6.673446734453692e-12,-9.994988777600744e-19,0.124606980997056,97.3569128290341,500.0,95,1,0.1,80.25232551165222,ddFc,0.2772053402903498,0.5686797381301886,0.0035307035081088,1771.9456756566506,2609.7933824830607,4417.8164496975,13,0.0016483093142029672,0.001667294104716146,9.792897912118177e-06,0,0,0,0.0016117861043536102,7.508484860337874e-05,9.745998994180489e-06,0.001736118797392088,0.0756851446061343,2.2293246772365835e-06,3.731010726065742e-17,-3.55054527445553e-15,-8.536503921547246e-22,0.19449242921978566,99.52109254728722,500.00000000000006,95,0.9245133812499181,0.1,47.53467191286783,coeFc,0.0192041473001159,0.1064825223842405,0.0016732499914339,277.71707454391907,2158.6299732587154,688.9032026068519
12,0.0015414358509205455,0.0015414358509205455,0.0003425413002045657,0,0,0,1.755362669487577e-05,5.1335019242095035e-11,0.0003335198826247155,0.12244122931314042,0.1238516297128346,0.0007248548746477672,-7.092200091096679e-15,-2.2485166506491794e-11,-1.336617990767286e-18,0.12445825909959388,97.3663270459759,500.0,95,1,0.1,80.34822335091324,ddFc,0.2772053402903498,0.5686797381301886,0.0035307035081088,1771.9456756566506,2609.7933824830607,4417.8164496975,4,0.001648320413082102,0.0016673074142946553,9.758094500573244e-06,0,0,0,0.0016034661595701676,7.469177036724571e-05,9.701185399961673e-06,0.002004682918107558,0.07117918873942813,2.5434533616867074e-06,-2.1006417091906648e-19,2.6020852139652106e-18,5.889525961377557e-22,0.2068558033882111,99.41680109156324,500.0,95,0.9245060682002597,0.1,44.69326231400033,coeFc,0.0192041473001159,0.1064825223842405,0.0016732499914339,277.71707454391907,2158.6299732587154,688.9032026068519
12,0.0015414358509205455,0.0015414358509205455,0.0003425413002045657,0,0,0,1.755362669487577e-05,5.1335019242095035e-11,0.0003335198826247155,0.12244122931314042,0.1238516297128346,0.0007248548746477672,-7.092200091096679e-15,-2.2485166506491794e-11,-1.336617990767286e-18,0.12445825909959388,97.3663270459759,500.0,95,1,0.1,80.34822335091324,ddFc,0.2772053402903498,0.5686797381301886,0.0035307035081088,1771.9456756566506,2609.7933824830607,4417.8164496975,5,0.001648320413082102,0.0016673074142946553,9.758094500573244e-06,0,0,0,0.0016093124251811415,7.499232668978426e-05,9.708327267118955e-06,0.0018197471089506758,0.07428249784516947,2.321672664293415e-06,-1.741025401104379e-16,-2.0209528495129803e-15,-1.3706051877758647e-19,0.19817655621219557,99.48999024910688,500.0,95,0.9245060682002597,0.1,46.65062739360321,coeFc,0.0192041473001159,0.1064825223842405,0.0016732499914339,277.71707454391907,2158.6299732587154,688.9032026068519
12,0.0015414358509205455,0.0015414358509205455,0.0003425413002045657,0,0,0,1.755362669487577e-05,5.1335019242095035e-11,0.0003335198826247155,0.12244122931314042,0.1238516297128346,0.0007248548746477672,-7.092200091096679e-15,-2.2485166506491794e-11,-1.336617990767286e-18,0.12445825909959388,97.3663270459759,500.0,95,1,0.1,80.34822335091324,ddFc,0.2772053402903498,0.5686797381301886,0.0035307035081088,1771.9456756566506,2609.7933824830607,4417.8164496975,6,0.001648320413082102,0.0016673074142946553,9.758094500573244e-06,0,0,0,0.0016110775666159953,7.508307262028789e-05,9.710483517397697e-06,0.0017606832792885975,0.07527359053555213,2.2508446572133195e-06,-1.9020971863542568e-17,-3.858892372310407e-15,-1.0932018975500814e-20,0.19555611142565751,99.51208729150196,500.0,95,0.9245060682002597,0.1,47.27574410538018,coeFc,0.0192041473001159,0.1064825223842405,0.0016732499914339,277.71707454391907,2158.6299732587154,688.9032026068519
12,0.0015414358509205455,0.0015414358509205455,0.0003425413002045657,0,0,0,1.755362669487577e-05,5.1335019242095035e-11,0.0003335198826247155,0.12244122931314042,0.1238516297128346,0.0007248548746477672,-7.092200091096679e-15,-2.2485166506491794e-11,-1.336617990767286e-18,0.12445825909959388,97.3663270459759,500.0,95,1,0.1,80.34822335091324,ddFc,0.2772053402903498,0.5686797381301886,0.0035307035081088,1771.9456756566506,2609.7933824830607,4417.8164496975,7,0.001648320413082102,0.0016673074142946553,9.758094500573244e-06,0,0,0,0.0016115927058004051,7.510955592939224e-05,9.711112796946341e-06,0.0017431465162470747,0.07556785755362012,2.2298150108725107e-06,2.907450755845753e-15,-1.0136440298236238e-12,-3.106890380749172e-20,0.1947913611026108,99.51853608689542,500.0,95,0.9245060682002597,0.1,47.461348540670386,coeFc,0.0192041473001159,0.1064825223842405,0.0016732499914339,277.71707454391907,2158.6299732587154,688.9032026068519
12,0.0015414358509205455,0.0015414358509205455,0.0003425413002045657,0,0,0,1.755362669487577e-05,5.1335019242095035e-11,0.0003335198826247155,0.12244122931314042,0.1238516297128346,0.0007248548746477672,-7.092200091096679e-15,-2.2485166506491794e-11,-1.336617990767286e-18,0.12445825909959388,97.3663270459759,500.0,95,1,0.1,80.34822335091324,ddFc,0.2772053402903498,0.5686797381301886,0.0035307035081088,1771.9456756566506,2609.7933824830607,4417.8164496975,8,0.001648320413082102,0.0016673074142946553,9.758094500573244e-06,0,0,0,0.0016117398685051238,7.51171215650943e-05,9.711292566753316e-06,0.001738111376010519,0.07565234724002519,2.2237769976477334e-06,6.098637220230962e-20,4.336808689942018e-19,-1.2109924167776325e-21,0.1945728904732839,99.5203783503308,500.0,95,0.9245060682002597,0.1,47.514639164349575,coeFc,0.0192041473001159,0.1064825223842405,0.0016732499914339,277.71707454391907,2158.6299732587154,688.9032026068519
12,0.0015414358509205455,0.0015414358509205455,0.0003425413002045657,0,0,0,1.755362669487577e-05,5.1335019242095035e-11,0.0003335198826247155,0.12244122931314042,0.1238516297128346,0.0007248548746477672,-7.092200091096679e-15,-2.2485166506491794e-11,-1.336617990767286e-18,0.12445825909959388,97.3663270459759,500.0,95,1,0.1,80.34822335091324,ddFc,0.2772053402903498,0.5686797381301886,0.0035307035081088,1771.9456756566506,2609.7933824830607,4417.8164496975,9,0.001648320413082102,0.0016673074142946553,9.758094500573244e-06,0,0,0,0.001611781512014059,7.511926241953247e-05,9.711343437289848e-06,0.001736684498747626,0.07567629024992134,2.2220659224100187e-06,5.687182495772714e-16,-7.488020620227687e-14,-2.448454613156962e-22,0.19451106857098058,99.52089966662396,500.0,95,0.9245060682002597,0.1,47.52974085188838,coeFc,0.0192041473001159,0.1064825223842405,0.0016732499914339,277.71707454391907,2158.6299732587154,688.9032026068519
12,0.0015414358509205455,0.0015414358509205455,0.0003425413002045657,0,0,0,1.755362669487577e-05,5.1335019242095035e-11,0.0003335198826247155,0.12244122931314042,0.1238516297128346,0.0007248548746477672,-7.092200091096679e-15,-2.2485166506491794e-11,-1.336617990767286e-18,0.12445825909959388,97.3663270459759,500.0,95,1,0.1,80.34822335091324,ddFc,0.2772053402903498,0.5686797381301886,0.0035307035081088,1771.9456756566506,2609.7933824830607,4417.8164496975,10,0.001648320413082102,0.0016673074142946553,9.758094500573244e-06,0,0,0,0.001611793253292646,7.511986607635305e-05,9.711357780158084e-06,0.0017362820250254967,0.07568304376233491,2.221583286002077e-06,4.5176380269063704e-14,-4.643104260446118e-12,3.514789684411321e-19,0.19449363840416528,99.52104665093769,500.0,95,0.9245060682002597,0.1,47.5340003809842,coeFc,0.0192041473001159,0.1064825223842405,0.0016732499914339,277.71707454391907,2158.6299732587154,688.9032026068519
12,0.0015414358509205455,0.0015414358509205455,0.0003425413002045657,0,0,0,1.755362669487577e-05,5.1335019242095035e-11,0.0003335198826247155,0.12244122931314042,0.1238516297128346,0.0007248548746477672,-7.092200091096679e-15,-2.2485166506491794e-11,-1.336617990767286e-18,0.12445825909959388,97.3663270459759,500.0,95,1,0.1,80.34822335091324,ddFc,0.2772053402903498,0.5686797381301886,0.0035307035081088,1771.9456756566506,2609.7933824830607,4417.8164496975,11,0.001648320413082102,0.0016673074142946553,9.758094500573244e-06,0,0,0,0.0016117965597051151,7.512003606006944e-05,9.711361819124186e-06,0.0017361686802329173,0.07568494568798609,2.221447365854447e-06,-1.7618285302889447e-19,-9.259086553026208e-17,-1.6609786700064796e-21,0.19448872949689996,99.52108804186808,500.0,95,0.9245060682002597,0.1,47.535200142021374,coeFc,0.0192041473001159,0.1064825223842405,0.0016732499914339,277.71707454391907,2158.6299732587154,688.9032026068519
12,0.0015414358509205455,0.0015414358509205455,0.0003425413002045657,0,0,0,1.755362669487577e-05,5.1335019242095035e-11,0.0003335198826247155,0.12244122931314042,0.1238516297128346,0.0007248548746477672,-7.092200091096679e-15,-2.2485166506491794e-11,-1.336617990767286e-18,0.12445825909959388,97.3663270459759,500.0,95,1,0.1,80.34822335091324,ddFc,0.2772053402903498,0.5686797381301886,0.0035307035081088,1771.9456756566506,2609.7933824830607,4417.8164496975,12,0.001648320413082102,0.0016673074142946553,9.758094500573244e-06,0,0,0,0.0016117974903093863,7.51200839024654e-05,9.711362955924114e-06,0.0017361367762309806,0.0756854810373489,2.221409107379763e-06,2.303929616531697e-19,-1.3010426069826053e-18,-2.0844951436336297e-21,0.19448734796740788,99.52109969168279,500.0,95,0.9245060682002597,0.1,47.53553780553314,coeFc,0.0192041473001159,0.1064825223842405,0.0016732499914339,277.71707454391907,2158.6299732587154,688.9032026068519
12,0.0015414358509205455,0.0015414358509205455,0.0003425413002045657,0,0,0,1.755362669487577e-05,5.1335019242095035e-11,0.0003335198826247155,0.12244122931314042,0.1238516297128346,0.0007248548746477672,-7.092200091096679e-15,-2.2485166506491794e-11,-1.336617990767286e-18,0.12445825909959388,97.3663270459759,500.0,95,1,0.1,80.34822335091324,ddFc,0.2772053402903498,0.5686797381301886,0.0035307035081088,1771.9456756566506,2609.7933824830607,4417.8164496975,13,0.001648320413082102,0.0016673074142946553,9.758094500573244e-06,0,0,0,0.0016117977522066625,7.512009736660562e-05,9.711363275850484e-06,0.0017361277974937432,0.07568563170061936,2.2213983403044215e-06,3.6083603553033194e-17,-3.408514789859929e-15,-2.21022659674169e-21,0.19448695916781716,99.52110297025702,500.0,95,0.9245060682002597,0.1,47.53563283400046,coeFc,0.0192041473001159,0.1064825223842405,0.0016732499914339,277.71707454391907,2158.6299732587154,688.9032026068519
